
**** Clean-only build of configuration Release for project aws-rest-api-ssl-demo ****

"C:\\ti\\ccs1250\\ccs\\utils\\bin\\gmake" -k clean 
 
DEL /F  "aws-rest-api-ssl-demo.out" 
DEL /F "gpio_if.obj" "main.obj" "network_common.obj" "pinmux.obj" "startup_ccs.obj" "uart_if.obj" "utils\network_utils.obj" 
DEL /F "gpio_if.d" "main.d" "network_common.d" "pinmux.d" "startup_ccs.d" "uart_if.d" "utils\network_utils.d" 
Finished clean
 

**** Build Finished ****

**** Build of configuration Release for project aws-rest-api-ssl-demo ****

"C:\\ti\\ccs1250\\ccs\\utils\\bin\\gmake" -k all 
 
Building file: "../main.c"
Invoking: Arm Compiler
"C:/ti/ccs1250/ccs/tools/compiler/ti-cgt-arm_20.2.7.LTS/bin/armcl" -mv7M4 --code_state=16 --float_support=none -me -Ooff --include_path="C:/ti/ccs1250/ccs/tools/compiler/ti-cgt-arm_20.2.7.LTS/include" --include_path="/driverlib" --include_path="/inc" --include_path="/example/common" --include_path="/simplelink/" --include_path="/simplelink/source" --include_path="/simplelink/include" --include_path="/simplelink_extlib/provisioninglib" --define=ccs --define=cc3200 -g --gcc --printf_support=full --diag_warning=225 --diag_wrap=off --display_error_number --abi=eabi --preproc_with_compile --preproc_dependency="main.d_raw"  "../main.c"
 
>> Compilation failure
subdir_rules.mk:16: recipe for target 'main.obj' failed
gmake: *** No rule to make target 'C:/ti/ccs1250/ccs/eclipse/CC3200_SDK_ROOT/example/common/gpio_if.c', needed by 'gpio_if.obj'.
"../main.c", line 63: fatal error #1965: cannot open source file "simplelink.h"
1 catastrophic error detected in the compilation of "../main.c".
Compilation terminated.
gmake: *** [main.obj] Error 1
gmake: *** No rule to make target 'C:/ti/ccs1250/ccs/eclipse/CC3200_SDK_ROOT/example/common/network_common.c', needed by 'network_common.obj'.
Building file: "../pinmux.c"
Invoking: Arm Compiler
"C:/ti/ccs1250/ccs/tools/compiler/ti-cgt-arm_20.2.7.LTS/bin/armcl" -mv7M4 --code_state=16 --float_support=none -me -Ooff --include_path="C:/ti/ccs1250/ccs/tools/compiler/ti-cgt-arm_20.2.7.LTS/include" --include_path="/driverlib" --include_path="/inc" --include_path="/example/common" --include_path="/simplelink/" --include_path="/simplelink/source" --include_path="/simplelink/include" --include_path="/simplelink_extlib/provisioninglib" --define=ccs --define=cc3200 -g --gcc --printf_support=full --diag_warning=225 --diag_wrap=off --display_error_number --abi=eabi --preproc_with_compile --preproc_dependency="pinmux.d_raw"  "../pinmux.c"
 
>> Compilation failure
subdir_rules.mk:16: recipe for target 'pinmux.obj' failed
"../pinmux.c", line 45: fatal error #1965: cannot open source file "hw_types.h"
1 catastrophic error detected in the compilation of "../pinmux.c".
Compilation terminated.
gmake: *** [pinmux.obj] Error 1
gmake: *** No rule to make target 'C:/ti/ccs1250/ccs/eclipse/CC3200_SDK_ROOT/example/common/startup_ccs.c', needed by 'startup_ccs.obj'.
Building file: "../uart_if.c"
Invoking: Arm Compiler
"C:/ti/ccs1250/ccs/tools/compiler/ti-cgt-arm_20.2.7.LTS/bin/armcl" -mv7M4 --code_state=16 --float_support=none -me -Ooff --include_path="C:/ti/ccs1250/ccs/tools/compiler/ti-cgt-arm_20.2.7.LTS/include" --include_path="/driverlib" --include_path="/inc" --include_path="/example/common" --include_path="/simplelink/" --include_path="/simplelink/source" --include_path="/simplelink/include" --include_path="/simplelink_extlib/provisioninglib" --define=ccs --define=cc3200 -g --gcc --printf_support=full --diag_warning=225 --diag_wrap=off --display_error_number --abi=eabi --preproc_with_compile --preproc_dependency="uart_if.d_raw"  "../uart_if.c"
 
>> Compilation failure
subdir_rules.mk:16: recipe for target 'uart_if.obj' failed
"../uart_if.c", line 46: fatal error #1965: cannot open source file "hw_types.h"
1 catastrophic error detected in the compilation of "../uart_if.c".
Compilation terminated.
gmake: *** [uart_if.obj] Error 1
Building file: "../utils/network_utils.c"
Invoking: Arm Compiler
"C:/ti/ccs1250/ccs/tools/compiler/ti-cgt-arm_20.2.7.LTS/bin/armcl" -mv7M4 --code_state=16 --float_support=none -me -Ooff --include_path="C:/ti/ccs1250/ccs/tools/compiler/ti-cgt-arm_20.2.7.LTS/include" --include_path="/driverlib" --include_path="/inc" --include_path="/example/common" --include_path="/simplelink/" --include_path="/simplelink/source" --include_path="/simplelink/include" --include_path="/simplelink_extlib/provisioninglib" --define=ccs --define=cc3200 -g --gcc --printf_support=full --diag_warning=225 --diag_wrap=off --display_error_number --abi=eabi --preproc_with_compile --preproc_dependency="utils/network_utils.d_raw" --obj_directory="utils"  "../utils/network_utils.c"
 
>> Compilation failure
utils/subdir_rules.mk:9: recipe for target 'utils/network_utils.obj' failed
"..\utils\network_utils.h", line 12: fatal error #1965: cannot open source file "simplelink.h"
1 catastrophic error detected in the compilation of "../utils/network_utils.c".
Compilation terminated.
gmake: *** [utils/network_utils.obj] Error 1
gmake: Target 'all' not remade because of errors.

**** Build Finished ****

**** Build of configuration Release for project aws-rest-api-ssl-demo ****

"C:\\ti\\ccs1250\\ccs\\utils\\bin\\gmake" -k all 
 
Building file: "../main.c"
Invoking: Arm Compiler
"C:/ti/ccs1250/ccs/tools/compiler/ti-cgt-arm_20.2.7.LTS/bin/armcl" -mv7M4 --code_state=16 --float_support=none -me -Ooff --include_path="C:/ti/ccs1250/ccs/tools/compiler/ti-cgt-arm_20.2.7.LTS/include" --include_path="/driverlib" --include_path="/inc" --include_path="/example/common" --include_path="/simplelink/" --include_path="/simplelink/source" --include_path="/simplelink/include" --include_path="/simplelink_extlib/provisioninglib" --define=ccs --define=cc3200 -g --gcc --printf_support=full --diag_warning=225 --diag_wrap=off --display_error_number --abi=eabi --preproc_with_compile --preproc_dependency="main.d_raw"  "../main.c"
 
>> Compilation failure
subdir_rules.mk:16: recipe for target 'main.obj' failed
gmake: *** No rule to make target 'C:/ti/ccs1250/ccs/eclipse/CC3200_SDK_ROOT/example/common/gpio_if.c', needed by 'gpio_if.obj'.
"../main.c", line 63: fatal error #1965: cannot open source file "simplelink.h"
1 catastrophic error detected in the compilation of "../main.c".
Compilation terminated.
gmake: *** [main.obj] Error 1
gmake: *** No rule to make target 'C:/ti/ccs1250/ccs/eclipse/CC3200_SDK_ROOT/example/common/network_common.c', needed by 'network_common.obj'.
Building file: "../pinmux.c"
Invoking: Arm Compiler
"C:/ti/ccs1250/ccs/tools/compiler/ti-cgt-arm_20.2.7.LTS/bin/armcl" -mv7M4 --code_state=16 --float_support=none -me -Ooff --include_path="C:/ti/ccs1250/ccs/tools/compiler/ti-cgt-arm_20.2.7.LTS/include" --include_path="/driverlib" --include_path="/inc" --include_path="/example/common" --include_path="/simplelink/" --include_path="/simplelink/source" --include_path="/simplelink/include" --include_path="/simplelink_extlib/provisioninglib" --define=ccs --define=cc3200 -g --gcc --printf_support=full --diag_warning=225 --diag_wrap=off --display_error_number --abi=eabi --preproc_with_compile --preproc_dependency="pinmux.d_raw"  "../pinmux.c"
 
>> Compilation failure
subdir_rules.mk:16: recipe for target 'pinmux.obj' failed
"../pinmux.c", line 45: fatal error #1965: cannot open source file "hw_types.h"
1 catastrophic error detected in the compilation of "../pinmux.c".
Compilation terminated.
gmake: *** [pinmux.obj] Error 1
gmake: *** No rule to make target 'C:/ti/ccs1250/ccs/eclipse/CC3200_SDK_ROOT/example/common/startup_ccs.c', needed by 'startup_ccs.obj'.
Building file: "../uart_if.c"
Invoking: Arm Compiler
"C:/ti/ccs1250/ccs/tools/compiler/ti-cgt-arm_20.2.7.LTS/bin/armcl" -mv7M4 --code_state=16 --float_support=none -me -Ooff --include_path="C:/ti/ccs1250/ccs/tools/compiler/ti-cgt-arm_20.2.7.LTS/include" --include_path="/driverlib" --include_path="/inc" --include_path="/example/common" --include_path="/simplelink/" --include_path="/simplelink/source" --include_path="/simplelink/include" --include_path="/simplelink_extlib/provisioninglib" --define=ccs --define=cc3200 -g --gcc --printf_support=full --diag_warning=225 --diag_wrap=off --display_error_number --abi=eabi --preproc_with_compile --preproc_dependency="uart_if.d_raw"  "../uart_if.c"
 
>> Compilation failure
subdir_rules.mk:16: recipe for target 'uart_if.obj' failed
"../uart_if.c", line 46: fatal error #1965: cannot open source file "hw_types.h"
1 catastrophic error detected in the compilation of "../uart_if.c".
Compilation terminated.
gmake: *** [uart_if.obj] Error 1
Building file: "../utils/network_utils.c"
Invoking: Arm Compiler
"C:/ti/ccs1250/ccs/tools/compiler/ti-cgt-arm_20.2.7.LTS/bin/armcl" -mv7M4 --code_state=16 --float_support=none -me -Ooff --include_path="C:/ti/ccs1250/ccs/tools/compiler/ti-cgt-arm_20.2.7.LTS/include" --include_path="/driverlib" --include_path="/inc" --include_path="/example/common" --include_path="/simplelink/" --include_path="/simplelink/source" --include_path="/simplelink/include" --include_path="/simplelink_extlib/provisioninglib" --define=ccs --define=cc3200 -g --gcc --printf_support=full --diag_warning=225 --diag_wrap=off --display_error_number --abi=eabi --preproc_with_compile --preproc_dependency="utils/network_utils.d_raw" --obj_directory="utils"  "../utils/network_utils.c"
 
>> Compilation failure
utils/subdir_rules.mk:9: recipe for target 'utils/network_utils.obj' failed
"..\utils\network_utils.h", line 12: fatal error #1965: cannot open source file "simplelink.h"
1 catastrophic error detected in the compilation of "../utils/network_utils.c".
Compilation terminated.
gmake: *** [utils/network_utils.obj] Error 1
gmake: Target 'all' not remade because of errors.

**** Build Finished ****

**** Build of configuration Release for project aws-rest-api-ssl-demo ****

"C:\\ti\\ccs1250\\ccs\\utils\\bin\\gmake" -k all 
 
Building file: "../main.c"
Invoking: Arm Compiler
"C:/ti/ccs1250/ccs/tools/compiler/ti-cgt-arm_20.2.7.LTS/bin/armcl" -mv7M4 --code_state=16 --float_support=none -me -Ooff --include_path="C:/ti/ccs1250/ccs/tools/compiler/ti-cgt-arm_20.2.7.LTS/include" --include_path="/driverlib" --include_path="/inc" --include_path="/example/common" --include_path="/simplelink/" --include_path="/simplelink/source" --include_path="/simplelink/include" --include_path="/simplelink_extlib/provisioninglib" --define=ccs --define=cc3200 -g --gcc --printf_support=full --diag_warning=225 --diag_wrap=off --display_error_number --abi=eabi --preproc_with_compile --preproc_dependency="main.d_raw"  "../main.c"
 
>> Compilation failure
subdir_rules.mk:16: recipe for target 'main.obj' failed
gmake: *** No rule to make target 'C:/ti/ccs1250/ccs/eclipse/CC3200_SDK_ROOT/example/common/gpio_if.c', needed by 'gpio_if.obj'.
"../main.c", line 63: fatal error #1965: cannot open source file "simplelink.h"
1 catastrophic error detected in the compilation of "../main.c".
Compilation terminated.
gmake: *** [main.obj] Error 1
gmake: *** No rule to make target 'C:/ti/ccs1250/ccs/eclipse/CC3200_SDK_ROOT/example/common/network_common.c', needed by 'network_common.obj'.
Building file: "../pinmux.c"
Invoking: Arm Compiler
"C:/ti/ccs1250/ccs/tools/compiler/ti-cgt-arm_20.2.7.LTS/bin/armcl" -mv7M4 --code_state=16 --float_support=none -me -Ooff --include_path="C:/ti/ccs1250/ccs/tools/compiler/ti-cgt-arm_20.2.7.LTS/include" --include_path="/driverlib" --include_path="/inc" --include_path="/example/common" --include_path="/simplelink/" --include_path="/simplelink/source" --include_path="/simplelink/include" --include_path="/simplelink_extlib/provisioninglib" --define=ccs --define=cc3200 -g --gcc --printf_support=full --diag_warning=225 --diag_wrap=off --display_error_number --abi=eabi --preproc_with_compile --preproc_dependency="pinmux.d_raw"  "../pinmux.c"
 
>> Compilation failure
subdir_rules.mk:16: recipe for target 'pinmux.obj' failed
"../pinmux.c", line 45: fatal error #1965: cannot open source file "hw_types.h"
1 catastrophic error detected in the compilation of "../pinmux.c".
Compilation terminated.
gmake: *** [pinmux.obj] Error 1
gmake: *** No rule to make target 'C:/ti/ccs1250/ccs/eclipse/CC3200_SDK_ROOT/example/common/startup_ccs.c', needed by 'startup_ccs.obj'.
Building file: "../uart_if.c"
Invoking: Arm Compiler
"C:/ti/ccs1250/ccs/tools/compiler/ti-cgt-arm_20.2.7.LTS/bin/armcl" -mv7M4 --code_state=16 --float_support=none -me -Ooff --include_path="C:/ti/ccs1250/ccs/tools/compiler/ti-cgt-arm_20.2.7.LTS/include" --include_path="/driverlib" --include_path="/inc" --include_path="/example/common" --include_path="/simplelink/" --include_path="/simplelink/source" --include_path="/simplelink/include" --include_path="/simplelink_extlib/provisioninglib" --define=ccs --define=cc3200 -g --gcc --printf_support=full --diag_warning=225 --diag_wrap=off --display_error_number --abi=eabi --preproc_with_compile --preproc_dependency="uart_if.d_raw"  "../uart_if.c"
 
>> Compilation failure
subdir_rules.mk:16: recipe for target 'uart_if.obj' failed
"../uart_if.c", line 46: fatal error #1965: cannot open source file "hw_types.h"
1 catastrophic error detected in the compilation of "../uart_if.c".
Compilation terminated.
gmake: *** [uart_if.obj] Error 1
Building file: "../utils/network_utils.c"
Invoking: Arm Compiler
"C:/ti/ccs1250/ccs/tools/compiler/ti-cgt-arm_20.2.7.LTS/bin/armcl" -mv7M4 --code_state=16 --float_support=none -me -Ooff --include_path="C:/ti/ccs1250/ccs/tools/compiler/ti-cgt-arm_20.2.7.LTS/include" --include_path="/driverlib" --include_path="/inc" --include_path="/example/common" --include_path="/simplelink/" --include_path="/simplelink/source" --include_path="/simplelink/include" --include_path="/simplelink_extlib/provisioninglib" --define=ccs --define=cc3200 -g --gcc --printf_support=full --diag_warning=225 --diag_wrap=off --display_error_number --abi=eabi --preproc_with_compile --preproc_dependency="utils/network_utils.d_raw" --obj_directory="utils"  "../utils/network_utils.c"
 
>> Compilation failure
utils/subdir_rules.mk:9: recipe for target 'utils/network_utils.obj' failed
"..\utils\network_utils.h", line 12: fatal error #1965: cannot open source file "simplelink.h"
1 catastrophic error detected in the compilation of "../utils/network_utils.c".
Compilation terminated.
gmake: *** [utils/network_utils.obj] Error 1
gmake: Target 'all' not remade because of errors.

**** Build Finished ****

**** Build of configuration Release for project aws-rest-api-ssl-demo ****

"C:\\ti\\ccs1250\\ccs\\utils\\bin\\gmake" -k all 
 
Building file: "../main.c"
Invoking: Arm Compiler
"C:/ti/ccs1250/ccs/tools/compiler/ti-cgt-arm_20.2.7.LTS/bin/armcl" -mv7M4 --code_state=16 --float_support=none -me -Ooff --include_path="C:/ti/ccs1250/ccs/tools/compiler/ti-cgt-arm_20.2.7.LTS/include" --include_path="/driverlib" --include_path="/inc" --include_path="/example/common" --include_path="/simplelink/" --include_path="/simplelink/source" --include_path="/simplelink/include" --include_path="/simplelink_extlib/provisioninglib" --define=ccs --define=cc3200 -g --gcc --printf_support=full --diag_warning=225 --diag_wrap=off --display_error_number --abi=eabi --preproc_with_compile --preproc_dependency="main.d_raw"  "../main.c"
 
>> Compilation failure
subdir_rules.mk:16: recipe for target 'main.obj' failed
gmake: *** No rule to make target 'C:/ti/ccs1250/ccs/eclipse/CC3200_SDK_ROOT/example/common/gpio_if.c', needed by 'gpio_if.obj'.
"../main.c", line 63: fatal error #1965: cannot open source file "simplelink.h"
1 catastrophic error detected in the compilation of "../main.c".
Compilation terminated.
gmake: *** [main.obj] Error 1
gmake: *** No rule to make target 'C:/ti/ccs1250/ccs/eclipse/CC3200_SDK_ROOT/example/common/network_common.c', needed by 'network_common.obj'.
Building file: "../pinmux.c"
Invoking: Arm Compiler
"C:/ti/ccs1250/ccs/tools/compiler/ti-cgt-arm_20.2.7.LTS/bin/armcl" -mv7M4 --code_state=16 --float_support=none -me -Ooff --include_path="C:/ti/ccs1250/ccs/tools/compiler/ti-cgt-arm_20.2.7.LTS/include" --include_path="/driverlib" --include_path="/inc" --include_path="/example/common" --include_path="/simplelink/" --include_path="/simplelink/source" --include_path="/simplelink/include" --include_path="/simplelink_extlib/provisioninglib" --define=ccs --define=cc3200 -g --gcc --printf_support=full --diag_warning=225 --diag_wrap=off --display_error_number --abi=eabi --preproc_with_compile --preproc_dependency="pinmux.d_raw"  "../pinmux.c"
 
>> Compilation failure
subdir_rules.mk:16: recipe for target 'pinmux.obj' failed
"../pinmux.c", line 45: fatal error #1965: cannot open source file "hw_types.h"
1 catastrophic error detected in the compilation of "../pinmux.c".
Compilation terminated.
gmake: *** [pinmux.obj] Error 1
gmake: *** No rule to make target 'C:/ti/ccs1250/ccs/eclipse/CC3200_SDK_ROOT/example/common/startup_ccs.c', needed by 'startup_ccs.obj'.
Building file: "../uart_if.c"
Invoking: Arm Compiler
"C:/ti/ccs1250/ccs/tools/compiler/ti-cgt-arm_20.2.7.LTS/bin/armcl" -mv7M4 --code_state=16 --float_support=none -me -Ooff --include_path="C:/ti/ccs1250/ccs/tools/compiler/ti-cgt-arm_20.2.7.LTS/include" --include_path="/driverlib" --include_path="/inc" --include_path="/example/common" --include_path="/simplelink/" --include_path="/simplelink/source" --include_path="/simplelink/include" --include_path="/simplelink_extlib/provisioninglib" --define=ccs --define=cc3200 -g --gcc --printf_support=full --diag_warning=225 --diag_wrap=off --display_error_number --abi=eabi --preproc_with_compile --preproc_dependency="uart_if.d_raw"  "../uart_if.c"
 
>> Compilation failure
subdir_rules.mk:16: recipe for target 'uart_if.obj' failed
"../uart_if.c", line 46: fatal error #1965: cannot open source file "hw_types.h"
1 catastrophic error detected in the compilation of "../uart_if.c".
Compilation terminated.
gmake: *** [uart_if.obj] Error 1
Building file: "../utils/network_utils.c"
Invoking: Arm Compiler
"C:/ti/ccs1250/ccs/tools/compiler/ti-cgt-arm_20.2.7.LTS/bin/armcl" -mv7M4 --code_state=16 --float_support=none -me -Ooff --include_path="C:/ti/ccs1250/ccs/tools/compiler/ti-cgt-arm_20.2.7.LTS/include" --include_path="/driverlib" --include_path="/inc" --include_path="/example/common" --include_path="/simplelink/" --include_path="/simplelink/source" --include_path="/simplelink/include" --include_path="/simplelink_extlib/provisioninglib" --define=ccs --define=cc3200 -g --gcc --printf_support=full --diag_warning=225 --diag_wrap=off --display_error_number --abi=eabi --preproc_with_compile --preproc_dependency="utils/network_utils.d_raw" --obj_directory="utils"  "../utils/network_utils.c"
 
>> Compilation failure
utils/subdir_rules.mk:9: recipe for target 'utils/network_utils.obj' failed
"..\utils\network_utils.h", line 12: fatal error #1965: cannot open source file "simplelink.h"
1 catastrophic error detected in the compilation of "../utils/network_utils.c".
Compilation terminated.
gmake: *** [utils/network_utils.obj] Error 1
gmake: Target 'all' not remade because of errors.

**** Build Finished ****

**** Clean-only build of configuration Debug for project blinky ****

"C:\\ti\\ccs1250\\ccs\\utils\\bin\\gmake" -k -j 14 clean -O 
 
DEL /F  "blinky.out" 
DEL /F "gpio_if.obj" "main.obj" "pinmux.obj" "startup_ccs.obj" "blinky\main.obj" "blinky\pinmux.obj" 
DEL /F "gpio_if.d" "main.d" "pinmux.d" "startup_ccs.d" "blinky\main.d" "blinky\pinmux.d" 
Could Not Find C:\Users\itisj\OneDrive\Desktop\blinky\Debug\blinky\main.obj
Could Not Find C:\Users\itisj\OneDrive\Desktop\blinky\Debug\blinky\main.d
Finished clean
 

**** Build Finished ****

**** Build of configuration Debug for project blinky ****

"C:\\ti\\ccs1250\\ccs\\utils\\bin\\gmake" -k -j 14 all -O 
 
Building file: "C:/ti/CC3200SDK_1.5.0/cc3200-sdk/example/common/startup_ccs.c"
Invoking: Arm Compiler
"C:/ti/ccs1250/ccs/tools/compiler/ti-cgt-arm_20.2.7.LTS/bin/armcl" -mv7M4 --code_state=16 --float_support=none -me -Ooff --include_path="C:/Users/itisj/OneDrive/Desktop/blinky" --include_path="C:/ti/CC3200SDK_1.5.0/cc3200-sdk/" --include_path="C:/ti/CC3200SDK_1.5.0/cc3200-sdk/driverlib/" --include_path="C:/ti/CC3200SDK_1.5.0/cc3200-sdk/inc/" --include_path="C:/ti/CC3200SDK_1.5.0/cc3200-sdk/example/common/" --include_path="C:/ti/ccs1250/ccs/tools/compiler/ti-cgt-arm_20.2.7.LTS/include" --define=ccs --define=cc3200 --define=NON_NETWORK -g --diag_warning=225 --diag_wrap=off --display_error_number --abi=eabi --preproc_with_compile --preproc_dependency="startup_ccs.d_raw"  "C:/ti/CC3200SDK_1.5.0/cc3200-sdk/example/common/startup_ccs.c"
Finished building: "C:/ti/CC3200SDK_1.5.0/cc3200-sdk/example/common/startup_ccs.c"
 
Building file: "C:/ti/CC3200SDK_1.5.0/cc3200-sdk/example/common/gpio_if.c"
Invoking: Arm Compiler
"C:/ti/ccs1250/ccs/tools/compiler/ti-cgt-arm_20.2.7.LTS/bin/armcl" -mv7M4 --code_state=16 --float_support=none -me -Ooff --include_path="C:/Users/itisj/OneDrive/Desktop/blinky" --include_path="C:/ti/CC3200SDK_1.5.0/cc3200-sdk/" --include_path="C:/ti/CC3200SDK_1.5.0/cc3200-sdk/driverlib/" --include_path="C:/ti/CC3200SDK_1.5.0/cc3200-sdk/inc/" --include_path="C:/ti/CC3200SDK_1.5.0/cc3200-sdk/example/common/" --include_path="C:/ti/ccs1250/ccs/tools/compiler/ti-cgt-arm_20.2.7.LTS/include" --define=ccs --define=cc3200 --define=NON_NETWORK -g --diag_warning=225 --diag_wrap=off --display_error_number --abi=eabi --preproc_with_compile --preproc_dependency="gpio_if.d_raw"  "C:/ti/CC3200SDK_1.5.0/cc3200-sdk/example/common/gpio_if.c"
Finished building: "C:/ti/CC3200SDK_1.5.0/cc3200-sdk/example/common/gpio_if.c"
 
Building file: "../main.c"
Invoking: Arm Compiler
"C:/ti/ccs1250/ccs/tools/compiler/ti-cgt-arm_20.2.7.LTS/bin/armcl" -mv7M4 --code_state=16 --float_support=none -me -Ooff --include_path="C:/Users/itisj/OneDrive/Desktop/blinky" --include_path="C:/ti/CC3200SDK_1.5.0/cc3200-sdk/" --include_path="C:/ti/CC3200SDK_1.5.0/cc3200-sdk/driverlib/" --include_path="C:/ti/CC3200SDK_1.5.0/cc3200-sdk/inc/" --include_path="C:/ti/CC3200SDK_1.5.0/cc3200-sdk/example/common/" --include_path="C:/ti/ccs1250/ccs/tools/compiler/ti-cgt-arm_20.2.7.LTS/include" --define=ccs --define=cc3200 --define=NON_NETWORK -g --diag_warning=225 --diag_wrap=off --display_error_number --abi=eabi --preproc_with_compile --preproc_dependency="main.d_raw"  "../main.c"
Finished building: "../main.c"
 
Building file: "../pinmux.c"
Invoking: Arm Compiler
"C:/ti/ccs1250/ccs/tools/compiler/ti-cgt-arm_20.2.7.LTS/bin/armcl" -mv7M4 --code_state=16 --float_support=none -me -Ooff --include_path="C:/Users/itisj/OneDrive/Desktop/blinky" --include_path="C:/ti/CC3200SDK_1.5.0/cc3200-sdk/" --include_path="C:/ti/CC3200SDK_1.5.0/cc3200-sdk/driverlib/" --include_path="C:/ti/CC3200SDK_1.5.0/cc3200-sdk/inc/" --include_path="C:/ti/CC3200SDK_1.5.0/cc3200-sdk/example/common/" --include_path="C:/ti/ccs1250/ccs/tools/compiler/ti-cgt-arm_20.2.7.LTS/include" --define=ccs --define=cc3200 --define=NON_NETWORK -g --diag_warning=225 --diag_wrap=off --display_error_number --abi=eabi --preproc_with_compile --preproc_dependency="pinmux.d_raw"  "../pinmux.c"
Finished building: "../pinmux.c"
 
Building file: "../blinky/main.c"
Invoking: Arm Compiler
"C:/ti/ccs1250/ccs/tools/compiler/ti-cgt-arm_20.2.7.LTS/bin/armcl" -mv7M4 --code_state=16 --float_support=none -me -Ooff --include_path="C:/Users/itisj/OneDrive/Desktop/blinky" --include_path="C:/ti/CC3200SDK_1.5.0/cc3200-sdk/" --include_path="C:/ti/CC3200SDK_1.5.0/cc3200-sdk/driverlib/" --include_path="C:/ti/CC3200SDK_1.5.0/cc3200-sdk/inc/" --include_path="C:/ti/CC3200SDK_1.5.0/cc3200-sdk/example/common/" --include_path="C:/ti/ccs1250/ccs/tools/compiler/ti-cgt-arm_20.2.7.LTS/include" --define=ccs --define=cc3200 --define=NON_NETWORK -g --diag_warning=225 --diag_wrap=off --display_error_number --abi=eabi --preproc_with_compile --preproc_dependency="blinky/main.d_raw" --obj_directory="blinky"  "../blinky/main.c"
Finished building: "../blinky/main.c"
 
Building file: "../blinky/pinmux.c"
Invoking: Arm Compiler
"C:/ti/ccs1250/ccs/tools/compiler/ti-cgt-arm_20.2.7.LTS/bin/armcl" -mv7M4 --code_state=16 --float_support=none -me -Ooff --include_path="C:/Users/itisj/OneDrive/Desktop/blinky" --include_path="C:/ti/CC3200SDK_1.5.0/cc3200-sdk/" --include_path="C:/ti/CC3200SDK_1.5.0/cc3200-sdk/driverlib/" --include_path="C:/ti/CC3200SDK_1.5.0/cc3200-sdk/inc/" --include_path="C:/ti/CC3200SDK_1.5.0/cc3200-sdk/example/common/" --include_path="C:/ti/ccs1250/ccs/tools/compiler/ti-cgt-arm_20.2.7.LTS/include" --define=ccs --define=cc3200 --define=NON_NETWORK -g --diag_warning=225 --diag_wrap=off --display_error_number --abi=eabi --preproc_with_compile --preproc_dependency="blinky/pinmux.d_raw" --obj_directory="blinky"  "../blinky/pinmux.c"
Finished building: "../blinky/pinmux.c"
 
Building target: "blinky.out"
Invoking: Arm Linker
"C:/ti/ccs1250/ccs/tools/compiler/ti-cgt-arm_20.2.7.LTS/bin/armcl" -mv7M4 --code_state=16 --float_support=none -me -Ooff --define=ccs --define=cc3200 --define=NON_NETWORK -g --diag_warning=225 --diag_wrap=off --display_error_number --abi=eabi -z -m"blinky.map" --heap_size=0x800 --stack_size=0x800 -i"C:/ti/ccs1250/ccs/tools/compiler/ti-cgt-arm_20.2.7.LTS/lib" -i"C:/ti/ccs1250/ccs/tools/compiler/ti-cgt-arm_20.2.7.LTS/include" --reread_libs --diag_wrap=off --display_error_number --warn_sections --xml_link_info="blinky_linkInfo.xml" --rom_model -o "blinky.out" "./gpio_if.obj" "./main.obj" "./pinmux.obj" "./startup_ccs.obj" "../blinky/Debug/gpio_if.obj" "../blinky/Debug/main.obj" "../blinky/Debug/pinmux.obj" "../blinky/Debug/startup_ccs.obj" "./blinky/main.obj" "./blinky/pinmux.obj" "../cc3200v1p32.cmd" "../blinky/cc3200v1p32.cmd"  -l"C:/ti/CC3200SDK_1.5.0/cc3200-sdk/driverlib/ccs/Release/driverlib.a" -llibc.a 
<Linking>
"../blinky/cc3200v1p32.cmd", line 63: error #10263: SRAM_CODE memory range has already been specified
"../blinky/cc3200v1p32.cmd", line 63: error #10264: SRAM_CODE memory range overlaps existing memory range SRAM_CODE
"../blinky/cc3200v1p32.cmd", line 64: error #10263: SRAM_DATA memory range has already been specified
"../blinky/cc3200v1p32.cmd", line 64: error #10264: SRAM_DATA memory range overlaps existing memory range SRAM_DATA
error #10056: symbol "g_uiLED3Port" redefined: first defined in "./gpio_if.obj"; redefined in "../blinky/Debug/gpio_if.obj"
error #10056: symbol "GPIO_IF_Set" redefined: first defined in "./gpio_if.obj"; redefined in "../blinky/Debug/gpio_if.obj"
error #10056: symbol "GPIO_IF_LedOn" redefined: first defined in "./gpio_if.obj"; redefined in "../blinky/Debug/gpio_if.obj"
error #10056: symbol "GPIO_IF_GetPortNPin" redefined: first defined in "./gpio_if.obj"; redefined in "../blinky/Debug/gpio_if.obj"
error #10056: symbol "GPIO_IF_LedStatus" redefined: first defined in "./gpio_if.obj"; redefined in "../blinky/Debug/gpio_if.obj"
error #10056: symbol "g_uiLED1Port" redefined: first defined in "./gpio_if.obj"; redefined in "../blinky/Debug/gpio_if.obj"
error #10056: symbol "GPIO_IF_LedConfigure" redefined: first defined in "./gpio_if.obj"; redefined in "../blinky/Debug/gpio_if.obj"
error #10056: symbol "GPIO_IF_Get" redefined: first defined in "./gpio_if.obj"; redefined in "../blinky/Debug/gpio_if.obj"
error #10056: symbol "GPIO_IF_LedToggle" redefined: first defined in "./gpio_if.obj"; redefined in "../blinky/Debug/gpio_if.obj"
error #10056: symbol "GPIO_IF_ConfigureNIntEnable" redefined: first defined in "./gpio_if.obj"; redefined in "../blinky/Debug/gpio_if.obj"
error #10056: symbol "GPIO_IF_LedOff" redefined: first defined in "./gpio_if.obj"; redefined in "../blinky/Debug/gpio_if.obj"
error #10056: symbol "g_uiLED2Port" redefined: first defined in "./gpio_if.obj"; redefined in "../blinky/Debug/gpio_if.obj"
error #10056: symbol "LEDBlinkyRoutine" redefined: first defined in "./main.obj"; redefined in "../blinky/Debug/main.obj"
error #10056: symbol "main" redefined: first defined in "./main.obj"; redefined in "../blinky/Debug/main.obj"
error #10056: symbol "PinMuxConfig" redefined: first defined in "./pinmux.obj"; redefined in "../blinky/Debug/pinmux.obj"
error #10056: symbol "ResetISR" redefined: first defined in "./startup_ccs.obj"; redefined in "../blinky/Debug/startup_ccs.obj"
error #10056: symbol "g_pfnVectors" redefined: first defined in "./startup_ccs.obj"; redefined in "../blinky/Debug/startup_ccs.obj"
error #10056: symbol "LEDBlinkyRoutine" redefined: first defined in "./main.obj"; redefined in "./blinky/main.obj"
error #10056: symbol "main" redefined: first defined in "./main.obj"; redefined in "./blinky/main.obj"
error #10056: symbol "PinMuxConfig" redefined: first defined in "./pinmux.obj"; redefined in "./blinky/pinmux.obj"
error #10010: errors encountered during linking; "blinky.out" not built
 
>> Compilation failure
makefile:150: recipe for target 'blinky.out' failed
gmake[1]: *** [blinky.out] Error 1
makefile:146: recipe for target 'all' failed
gmake: *** [all] Error 2

**** Build Finished ****

**** Build of configuration Debug for project blinky ****

"C:\\ti\\ccs1250\\ccs\\utils\\bin\\gmake" -k -j 14 all -O 
 
Building target: "blinky.out"
Invoking: Arm Linker
"C:/ti/ccs1250/ccs/tools/compiler/ti-cgt-arm_20.2.7.LTS/bin/armcl" -mv7M4 --code_state=16 --float_support=none -me -Ooff --define=ccs --define=cc3200 --define=NON_NETWORK -g --diag_warning=225 --diag_wrap=off --display_error_number --abi=eabi -z -m"blinky.map" --heap_size=0x800 --stack_size=0x800 -i"C:/ti/ccs1250/ccs/tools/compiler/ti-cgt-arm_20.2.7.LTS/lib" -i"C:/ti/ccs1250/ccs/tools/compiler/ti-cgt-arm_20.2.7.LTS/include" --reread_libs --diag_wrap=off --display_error_number --warn_sections --xml_link_info="blinky_linkInfo.xml" --rom_model -o "blinky.out" "./gpio_if.obj" "./main.obj" "./pinmux.obj" "./startup_ccs.obj" "../blinky/Debug/gpio_if.obj" "../blinky/Debug/main.obj" "../blinky/Debug/pinmux.obj" "../blinky/Debug/startup_ccs.obj" "./blinky/main.obj" "./blinky/pinmux.obj" "../cc3200v1p32.cmd" "../blinky/cc3200v1p32.cmd"  -l"C:/ti/CC3200SDK_1.5.0/cc3200-sdk/driverlib/ccs/Release/driverlib.a" -llibc.a 
<Linking>
"../blinky/cc3200v1p32.cmd", line 63: error #10263: SRAM_CODE memory range has already been specified
"../blinky/cc3200v1p32.cmd", line 63: error #10264: SRAM_CODE memory range overlaps existing memory range SRAM_CODE
"../blinky/cc3200v1p32.cmd", line 64: error #10263: SRAM_DATA memory range has already been specified
"../blinky/cc3200v1p32.cmd", line 64: error #10264: SRAM_DATA memory range overlaps existing memory range SRAM_DATA
error #10056: symbol "g_uiLED3Port" redefined: first defined in "./gpio_if.obj"; redefined in "../blinky/Debug/gpio_if.obj"
error #10056: symbol "GPIO_IF_Set" redefined: first defined in "./gpio_if.obj"; redefined in "../blinky/Debug/gpio_if.obj"
error #10056: symbol "GPIO_IF_LedOn" redefined: first defined in "./gpio_if.obj"; redefined in "../blinky/Debug/gpio_if.obj"
error #10056: symbol "GPIO_IF_GetPortNPin" redefined: first defined in "./gpio_if.obj"; redefined in "../blinky/Debug/gpio_if.obj"
error #10056: symbol "GPIO_IF_LedStatus" redefined: first defined in "./gpio_if.obj"; redefined in "../blinky/Debug/gpio_if.obj"
error #10056: symbol "g_uiLED1Port" redefined: first defined in "./gpio_if.obj"; redefined in "../blinky/Debug/gpio_if.obj"
error #10056: symbol "GPIO_IF_LedConfigure" redefined: first defined in "./gpio_if.obj"; redefined in "../blinky/Debug/gpio_if.obj"
error #10056: symbol "GPIO_IF_Get" redefined: first defined in "./gpio_if.obj"; redefined in "../blinky/Debug/gpio_if.obj"
error #10056: symbol "GPIO_IF_LedToggle" redefined: first defined in "./gpio_if.obj"; redefined in "../blinky/Debug/gpio_if.obj"
error #10056: symbol "GPIO_IF_ConfigureNIntEnable" redefined: first defined in "./gpio_if.obj"; redefined in "../blinky/Debug/gpio_if.obj"
error #10056: symbol "GPIO_IF_LedOff" redefined: first defined in "./gpio_if.obj"; redefined in "../blinky/Debug/gpio_if.obj"
error #10056: symbol "g_uiLED2Port" redefined: first defined in "./gpio_if.obj"; redefined in "../blinky/Debug/gpio_if.obj"
error #10056: symbol "LEDBlinkyRoutine" redefined: first defined in "./main.obj"; redefined in "../blinky/Debug/main.obj"
error #10056: symbol "main" redefined: first defined in "./main.obj"; redefined in "../blinky/Debug/main.obj"
error #10056: symbol "PinMuxConfig" redefined: first defined in "./pinmux.obj"; redefined in "../blinky/Debug/pinmux.obj"
error #10056: symbol "ResetISR" redefined: first defined in "./startup_ccs.obj"; redefined in "../blinky/Debug/startup_ccs.obj"
error #10056: symbol "g_pfnVectors" redefined: first defined in "./startup_ccs.obj"; redefined in "../blinky/Debug/startup_ccs.obj"
error #10056: symbol "LEDBlinkyRoutine" redefined: first defined in "./main.obj"; redefined in "./blinky/main.obj"
error #10056: symbol "main" redefined: first defined in "./main.obj"; redefined in "./blinky/main.obj"
error #10056: symbol "PinMuxConfig" redefined: first defined in "./pinmux.obj"; redefined in "./blinky/pinmux.obj"
error #10010: errors encountered during linking; "blinky.out" not built
 
>> Compilation failure
makefile:150: recipe for target 'blinky.out' failed
gmake[1]: *** [blinky.out] Error 1
makefile:146: recipe for target 'all' failed
gmake: *** [all] Error 2

**** Build Finished ****

**** Build of configuration Release for project aws-rest-api-ssl-demo ****

"C:\\ti\\ccs1250\\ccs\\utils\\bin\\gmake" -k all 
 
Building file: "../main.c"
Invoking: Arm Compiler
"C:/ti/ccs1250/ccs/tools/compiler/ti-cgt-arm_20.2.7.LTS/bin/armcl" -mv7M4 --code_state=16 --float_support=none -me -Ooff --include_path="C:/ti/ccs1250/ccs/tools/compiler/ti-cgt-arm_20.2.7.LTS/include" --include_path="/driverlib" --include_path="/inc" --include_path="/example/common" --include_path="/simplelink/" --include_path="/simplelink/source" --include_path="/simplelink/include" --include_path="/simplelink_extlib/provisioninglib" --define=ccs --define=cc3200 -g --gcc --printf_support=full --diag_warning=225 --diag_wrap=off --display_error_number --abi=eabi --preproc_with_compile --preproc_dependency="main.d_raw"  "../main.c"
 
>> Compilation failure
subdir_rules.mk:16: recipe for target 'main.obj' failed
gmake: *** No rule to make target 'C:/ti/ccs1250/ccs/eclipse/CC3200_SDK_ROOT/example/common/gpio_if.c', needed by 'gpio_if.obj'.
"../main.c", line 63: fatal error #1965: cannot open source file "simplelink.h"
1 catastrophic error detected in the compilation of "../main.c".
Compilation terminated.
gmake: *** [main.obj] Error 1
gmake: *** No rule to make target 'C:/ti/ccs1250/ccs/eclipse/CC3200_SDK_ROOT/example/common/network_common.c', needed by 'network_common.obj'.
Building file: "../pinmux.c"
Invoking: Arm Compiler
"C:/ti/ccs1250/ccs/tools/compiler/ti-cgt-arm_20.2.7.LTS/bin/armcl" -mv7M4 --code_state=16 --float_support=none -me -Ooff --include_path="C:/ti/ccs1250/ccs/tools/compiler/ti-cgt-arm_20.2.7.LTS/include" --include_path="/driverlib" --include_path="/inc" --include_path="/example/common" --include_path="/simplelink/" --include_path="/simplelink/source" --include_path="/simplelink/include" --include_path="/simplelink_extlib/provisioninglib" --define=ccs --define=cc3200 -g --gcc --printf_support=full --diag_warning=225 --diag_wrap=off --display_error_number --abi=eabi --preproc_with_compile --preproc_dependency="pinmux.d_raw"  "../pinmux.c"
 
>> Compilation failure
subdir_rules.mk:16: recipe for target 'pinmux.obj' failed
"../pinmux.c", line 45: fatal error #1965: cannot open source file "hw_types.h"
1 catastrophic error detected in the compilation of "../pinmux.c".
Compilation terminated.
gmake: *** [pinmux.obj] Error 1
gmake: *** No rule to make target 'C:/ti/ccs1250/ccs/eclipse/CC3200_SDK_ROOT/example/common/startup_ccs.c', needed by 'startup_ccs.obj'.
Building file: "../uart_if.c"
Invoking: Arm Compiler
"C:/ti/ccs1250/ccs/tools/compiler/ti-cgt-arm_20.2.7.LTS/bin/armcl" -mv7M4 --code_state=16 --float_support=none -me -Ooff --include_path="C:/ti/ccs1250/ccs/tools/compiler/ti-cgt-arm_20.2.7.LTS/include" --include_path="/driverlib" --include_path="/inc" --include_path="/example/common" --include_path="/simplelink/" --include_path="/simplelink/source" --include_path="/simplelink/include" --include_path="/simplelink_extlib/provisioninglib" --define=ccs --define=cc3200 -g --gcc --printf_support=full --diag_warning=225 --diag_wrap=off --display_error_number --abi=eabi --preproc_with_compile --preproc_dependency="uart_if.d_raw"  "../uart_if.c"
 
>> Compilation failure
subdir_rules.mk:16: recipe for target 'uart_if.obj' failed
"../uart_if.c", line 46: fatal error #1965: cannot open source file "hw_types.h"
1 catastrophic error detected in the compilation of "../uart_if.c".
Compilation terminated.
gmake: *** [uart_if.obj] Error 1
Building file: "../utils/network_utils.c"
Invoking: Arm Compiler
"C:/ti/ccs1250/ccs/tools/compiler/ti-cgt-arm_20.2.7.LTS/bin/armcl" -mv7M4 --code_state=16 --float_support=none -me -Ooff --include_path="C:/ti/ccs1250/ccs/tools/compiler/ti-cgt-arm_20.2.7.LTS/include" --include_path="/driverlib" --include_path="/inc" --include_path="/example/common" --include_path="/simplelink/" --include_path="/simplelink/source" --include_path="/simplelink/include" --include_path="/simplelink_extlib/provisioninglib" --define=ccs --define=cc3200 -g --gcc --printf_support=full --diag_warning=225 --diag_wrap=off --display_error_number --abi=eabi --preproc_with_compile --preproc_dependency="utils/network_utils.d_raw" --obj_directory="utils"  "../utils/network_utils.c"
 
>> Compilation failure
utils/subdir_rules.mk:9: recipe for target 'utils/network_utils.obj' failed
"..\utils\network_utils.h", line 12: fatal error #1965: cannot open source file "simplelink.h"
1 catastrophic error detected in the compilation of "../utils/network_utils.c".
Compilation terminated.
gmake: *** [utils/network_utils.obj] Error 1
gmake: Target 'all' not remade because of errors.

**** Build Finished ****

**** Build of configuration Release for project aws-rest-api-ssl-demo ****

"C:\\ti\\ccs1250\\ccs\\utils\\bin\\gmake" -k all 
 
Building file: "../main.c"
Invoking: Arm Compiler
"C:/ti/ccs1250/ccs/tools/compiler/ti-cgt-arm_20.2.7.LTS/bin/armcl" -mv7M4 --code_state=16 --float_support=none -me -Ooff --include_path="C:/ti/ccs1250/ccs/tools/compiler/ti-cgt-arm_20.2.7.LTS/include" --include_path="/driverlib" --include_path="/inc" --include_path="/example/common" --include_path="/simplelink/" --include_path="/simplelink/source" --include_path="/simplelink/include" --include_path="/simplelink_extlib/provisioninglib" --define=ccs --define=cc3200 -g --gcc --printf_support=full --diag_warning=225 --diag_wrap=off --display_error_number --abi=eabi --preproc_with_compile --preproc_dependency="main.d_raw"  "../main.c"
 
>> Compilation failure
subdir_rules.mk:16: recipe for target 'main.obj' failed
gmake: *** No rule to make target 'C:/ti/ccs1250/ccs/eclipse/CC3200_SDK_ROOT/example/common/gpio_if.c', needed by 'gpio_if.obj'.
"../main.c", line 63: fatal error #1965: cannot open source file "simplelink.h"
1 catastrophic error detected in the compilation of "../main.c".
Compilation terminated.
gmake: *** [main.obj] Error 1
gmake: *** No rule to make target 'C:/ti/ccs1250/ccs/eclipse/CC3200_SDK_ROOT/example/common/network_common.c', needed by 'network_common.obj'.
Building file: "../pinmux.c"
Invoking: Arm Compiler
"C:/ti/ccs1250/ccs/tools/compiler/ti-cgt-arm_20.2.7.LTS/bin/armcl" -mv7M4 --code_state=16 --float_support=none -me -Ooff --include_path="C:/ti/ccs1250/ccs/tools/compiler/ti-cgt-arm_20.2.7.LTS/include" --include_path="/driverlib" --include_path="/inc" --include_path="/example/common" --include_path="/simplelink/" --include_path="/simplelink/source" --include_path="/simplelink/include" --include_path="/simplelink_extlib/provisioninglib" --define=ccs --define=cc3200 -g --gcc --printf_support=full --diag_warning=225 --diag_wrap=off --display_error_number --abi=eabi --preproc_with_compile --preproc_dependency="pinmux.d_raw"  "../pinmux.c"
 
>> Compilation failure
subdir_rules.mk:16: recipe for target 'pinmux.obj' failed
"../pinmux.c", line 45: fatal error #1965: cannot open source file "hw_types.h"
1 catastrophic error detected in the compilation of "../pinmux.c".
Compilation terminated.
gmake: *** [pinmux.obj] Error 1
gmake: *** No rule to make target 'C:/ti/ccs1250/ccs/eclipse/CC3200_SDK_ROOT/example/common/startup_ccs.c', needed by 'startup_ccs.obj'.
Building file: "../uart_if.c"
Invoking: Arm Compiler
"C:/ti/ccs1250/ccs/tools/compiler/ti-cgt-arm_20.2.7.LTS/bin/armcl" -mv7M4 --code_state=16 --float_support=none -me -Ooff --include_path="C:/ti/ccs1250/ccs/tools/compiler/ti-cgt-arm_20.2.7.LTS/include" --include_path="/driverlib" --include_path="/inc" --include_path="/example/common" --include_path="/simplelink/" --include_path="/simplelink/source" --include_path="/simplelink/include" --include_path="/simplelink_extlib/provisioninglib" --define=ccs --define=cc3200 -g --gcc --printf_support=full --diag_warning=225 --diag_wrap=off --display_error_number --abi=eabi --preproc_with_compile --preproc_dependency="uart_if.d_raw"  "../uart_if.c"
 
>> Compilation failure
subdir_rules.mk:16: recipe for target 'uart_if.obj' failed
"../uart_if.c", line 46: fatal error #1965: cannot open source file "hw_types.h"
1 catastrophic error detected in the compilation of "../uart_if.c".
Compilation terminated.
gmake: *** [uart_if.obj] Error 1
Building file: "../utils/network_utils.c"
Invoking: Arm Compiler
"C:/ti/ccs1250/ccs/tools/compiler/ti-cgt-arm_20.2.7.LTS/bin/armcl" -mv7M4 --code_state=16 --float_support=none -me -Ooff --include_path="C:/ti/ccs1250/ccs/tools/compiler/ti-cgt-arm_20.2.7.LTS/include" --include_path="/driverlib" --include_path="/inc" --include_path="/example/common" --include_path="/simplelink/" --include_path="/simplelink/source" --include_path="/simplelink/include" --include_path="/simplelink_extlib/provisioninglib" --define=ccs --define=cc3200 -g --gcc --printf_support=full --diag_warning=225 --diag_wrap=off --display_error_number --abi=eabi --preproc_with_compile --preproc_dependency="utils/network_utils.d_raw" --obj_directory="utils"  "../utils/network_utils.c"
 
>> Compilation failure
utils/subdir_rules.mk:9: recipe for target 'utils/network_utils.obj' failed
"..\utils\network_utils.h", line 12: fatal error #1965: cannot open source file "simplelink.h"
1 catastrophic error detected in the compilation of "../utils/network_utils.c".
Compilation terminated.
gmake: *** [utils/network_utils.obj] Error 1
gmake: Target 'all' not remade because of errors.

**** Build Finished ****

**** Build of configuration Release for project aws-rest-api-ssl-demo ****

"C:\\ti\\ccs1250\\ccs\\utils\\bin\\gmake" -k all 
 
Building file: "../main.c"
Invoking: Arm Compiler
"C:/ti/ccs1250/ccs/tools/compiler/ti-cgt-arm_20.2.7.LTS/bin/armcl" -mv7M4 --code_state=16 --float_support=none -me -Ooff --include_path="C:/ti/ccs1250/ccs/tools/compiler/ti-cgt-arm_20.2.7.LTS/include" --include_path="/driverlib" --include_path="/inc" --include_path="/example/common" --include_path="/simplelink/" --include_path="/simplelink/source" --include_path="/simplelink/include" --include_path="/simplelink_extlib/provisioninglib" --define=ccs --define=cc3200 -g --gcc --printf_support=full --diag_warning=225 --diag_wrap=off --display_error_number --abi=eabi --preproc_with_compile --preproc_dependency="main.d_raw"  "../main.c"
 
>> Compilation failure
subdir_rules.mk:16: recipe for target 'main.obj' failed
gmake: *** No rule to make target 'C:/ti/ccs1250/ccs/eclipse/CC3200_SDK_ROOT/example/common/gpio_if.c', needed by 'gpio_if.obj'.
"../main.c", line 63: fatal error #1965: cannot open source file "simplelink.h"
1 catastrophic error detected in the compilation of "../main.c".
Compilation terminated.
gmake: *** [main.obj] Error 1
gmake: *** No rule to make target 'C:/ti/ccs1250/ccs/eclipse/CC3200_SDK_ROOT/example/common/network_common.c', needed by 'network_common.obj'.
Building file: "../pinmux.c"
Invoking: Arm Compiler
"C:/ti/ccs1250/ccs/tools/compiler/ti-cgt-arm_20.2.7.LTS/bin/armcl" -mv7M4 --code_state=16 --float_support=none -me -Ooff --include_path="C:/ti/ccs1250/ccs/tools/compiler/ti-cgt-arm_20.2.7.LTS/include" --include_path="/driverlib" --include_path="/inc" --include_path="/example/common" --include_path="/simplelink/" --include_path="/simplelink/source" --include_path="/simplelink/include" --include_path="/simplelink_extlib/provisioninglib" --define=ccs --define=cc3200 -g --gcc --printf_support=full --diag_warning=225 --diag_wrap=off --display_error_number --abi=eabi --preproc_with_compile --preproc_dependency="pinmux.d_raw"  "../pinmux.c"
 
>> Compilation failure
subdir_rules.mk:16: recipe for target 'pinmux.obj' failed
"../pinmux.c", line 45: fatal error #1965: cannot open source file "hw_types.h"
1 catastrophic error detected in the compilation of "../pinmux.c".
Compilation terminated.
gmake: *** [pinmux.obj] Error 1
gmake: *** No rule to make target 'C:/ti/ccs1250/ccs/eclipse/CC3200_SDK_ROOT/example/common/startup_ccs.c', needed by 'startup_ccs.obj'.
Building file: "../uart_if.c"
Invoking: Arm Compiler
"C:/ti/ccs1250/ccs/tools/compiler/ti-cgt-arm_20.2.7.LTS/bin/armcl" -mv7M4 --code_state=16 --float_support=none -me -Ooff --include_path="C:/ti/ccs1250/ccs/tools/compiler/ti-cgt-arm_20.2.7.LTS/include" --include_path="/driverlib" --include_path="/inc" --include_path="/example/common" --include_path="/simplelink/" --include_path="/simplelink/source" --include_path="/simplelink/include" --include_path="/simplelink_extlib/provisioninglib" --define=ccs --define=cc3200 -g --gcc --printf_support=full --diag_warning=225 --diag_wrap=off --display_error_number --abi=eabi --preproc_with_compile --preproc_dependency="uart_if.d_raw"  "../uart_if.c"
 
>> Compilation failure
subdir_rules.mk:16: recipe for target 'uart_if.obj' failed
"../uart_if.c", line 46: fatal error #1965: cannot open source file "hw_types.h"
1 catastrophic error detected in the compilation of "../uart_if.c".
Compilation terminated.
gmake: *** [uart_if.obj] Error 1
Building file: "../utils/network_utils.c"
Invoking: Arm Compiler
"C:/ti/ccs1250/ccs/tools/compiler/ti-cgt-arm_20.2.7.LTS/bin/armcl" -mv7M4 --code_state=16 --float_support=none -me -Ooff --include_path="C:/ti/ccs1250/ccs/tools/compiler/ti-cgt-arm_20.2.7.LTS/include" --include_path="/driverlib" --include_path="/inc" --include_path="/example/common" --include_path="/simplelink/" --include_path="/simplelink/source" --include_path="/simplelink/include" --include_path="/simplelink_extlib/provisioninglib" --define=ccs --define=cc3200 -g --gcc --printf_support=full --diag_warning=225 --diag_wrap=off --display_error_number --abi=eabi --preproc_with_compile --preproc_dependency="utils/network_utils.d_raw" --obj_directory="utils"  "../utils/network_utils.c"
 
>> Compilation failure
utils/subdir_rules.mk:9: recipe for target 'utils/network_utils.obj' failed
"..\utils\network_utils.h", line 12: fatal error #1965: cannot open source file "simplelink.h"
1 catastrophic error detected in the compilation of "../utils/network_utils.c".
Compilation terminated.
gmake: *** [utils/network_utils.obj] Error 1
gmake: Target 'all' not remade because of errors.

**** Build Finished ****

**** Build of configuration Release for project aws-rest-api-ssl-demo ****

"C:\\ti\\ccs1250\\ccs\\utils\\bin\\gmake" -k all 
 
Building file: "../main.c"
Invoking: Arm Compiler
"C:/ti/ccs1250/ccs/tools/compiler/ti-cgt-arm_20.2.7.LTS/bin/armcl" -mv7M4 --code_state=16 --float_support=none -me -Ooff --include_path="C:/ti/ccs1250/ccs/tools/compiler/ti-cgt-arm_20.2.7.LTS/include" --include_path="/driverlib" --include_path="/inc" --include_path="/example/common" --include_path="/simplelink/" --include_path="/simplelink/source" --include_path="/simplelink/include" --include_path="/simplelink_extlib/provisioninglib" --define=ccs --define=cc3200 -g --gcc --printf_support=full --diag_warning=225 --diag_wrap=off --display_error_number --abi=eabi --preproc_with_compile --preproc_dependency="main.d_raw"  "../main.c"
 
>> Compilation failure
subdir_rules.mk:16: recipe for target 'main.obj' failed
gmake: *** No rule to make target 'C:/ti/ccs1250/ccs/eclipse/CC3200_SDK_ROOT/example/common/gpio_if.c', needed by 'gpio_if.obj'.
"../main.c", line 63: fatal error #1965: cannot open source file "simplelink.h"
1 catastrophic error detected in the compilation of "../main.c".
Compilation terminated.
gmake: *** [main.obj] Error 1
gmake: *** No rule to make target 'C:/ti/ccs1250/ccs/eclipse/CC3200_SDK_ROOT/example/common/network_common.c', needed by 'network_common.obj'.
Building file: "../pinmux.c"
Invoking: Arm Compiler
"C:/ti/ccs1250/ccs/tools/compiler/ti-cgt-arm_20.2.7.LTS/bin/armcl" -mv7M4 --code_state=16 --float_support=none -me -Ooff --include_path="C:/ti/ccs1250/ccs/tools/compiler/ti-cgt-arm_20.2.7.LTS/include" --include_path="/driverlib" --include_path="/inc" --include_path="/example/common" --include_path="/simplelink/" --include_path="/simplelink/source" --include_path="/simplelink/include" --include_path="/simplelink_extlib/provisioninglib" --define=ccs --define=cc3200 -g --gcc --printf_support=full --diag_warning=225 --diag_wrap=off --display_error_number --abi=eabi --preproc_with_compile --preproc_dependency="pinmux.d_raw"  "../pinmux.c"
 
>> Compilation failure
subdir_rules.mk:16: recipe for target 'pinmux.obj' failed
"../pinmux.c", line 45: fatal error #1965: cannot open source file "hw_types.h"
1 catastrophic error detected in the compilation of "../pinmux.c".
Compilation terminated.
gmake: *** [pinmux.obj] Error 1
gmake: *** No rule to make target 'C:/ti/ccs1250/ccs/eclipse/CC3200_SDK_ROOT/example/common/startup_ccs.c', needed by 'startup_ccs.obj'.
Building file: "../uart_if.c"
Invoking: Arm Compiler
"C:/ti/ccs1250/ccs/tools/compiler/ti-cgt-arm_20.2.7.LTS/bin/armcl" -mv7M4 --code_state=16 --float_support=none -me -Ooff --include_path="C:/ti/ccs1250/ccs/tools/compiler/ti-cgt-arm_20.2.7.LTS/include" --include_path="/driverlib" --include_path="/inc" --include_path="/example/common" --include_path="/simplelink/" --include_path="/simplelink/source" --include_path="/simplelink/include" --include_path="/simplelink_extlib/provisioninglib" --define=ccs --define=cc3200 -g --gcc --printf_support=full --diag_warning=225 --diag_wrap=off --display_error_number --abi=eabi --preproc_with_compile --preproc_dependency="uart_if.d_raw"  "../uart_if.c"
 
>> Compilation failure
subdir_rules.mk:16: recipe for target 'uart_if.obj' failed
"../uart_if.c", line 46: fatal error #1965: cannot open source file "hw_types.h"
1 catastrophic error detected in the compilation of "../uart_if.c".
Compilation terminated.
gmake: *** [uart_if.obj] Error 1
Building file: "../utils/network_utils.c"
Invoking: Arm Compiler
"C:/ti/ccs1250/ccs/tools/compiler/ti-cgt-arm_20.2.7.LTS/bin/armcl" -mv7M4 --code_state=16 --float_support=none -me -Ooff --include_path="C:/ti/ccs1250/ccs/tools/compiler/ti-cgt-arm_20.2.7.LTS/include" --include_path="/driverlib" --include_path="/inc" --include_path="/example/common" --include_path="/simplelink/" --include_path="/simplelink/source" --include_path="/simplelink/include" --include_path="/simplelink_extlib/provisioninglib" --define=ccs --define=cc3200 -g --gcc --printf_support=full --diag_warning=225 --diag_wrap=off --display_error_number --abi=eabi --preproc_with_compile --preproc_dependency="utils/network_utils.d_raw" --obj_directory="utils"  "../utils/network_utils.c"
 
>> Compilation failure
utils/subdir_rules.mk:9: recipe for target 'utils/network_utils.obj' failed
"..\utils\network_utils.h", line 12: fatal error #1965: cannot open source file "simplelink.h"
1 catastrophic error detected in the compilation of "../utils/network_utils.c".
Compilation terminated.
gmake: *** [utils/network_utils.obj] Error 1
gmake: Target 'all' not remade because of errors.

**** Build Finished ****

**** Build of configuration Release for project aws-rest-api-ssl-demo ****

"C:\\ti\\ccs1250\\ccs\\utils\\bin\\gmake" -k all 
 
Building file: "../main.c"
Invoking: Arm Compiler
"C:/ti/ccs1250/ccs/tools/compiler/ti-cgt-arm_20.2.7.LTS/bin/armcl" -mv7M4 --code_state=16 --float_support=none -me -Ooff --include_path="C:/ti/ccs1250/ccs/tools/compiler/ti-cgt-arm_20.2.7.LTS/include" --include_path="/driverlib" --include_path="/inc" --include_path="/example/common" --include_path="/simplelink/" --include_path="/simplelink/source" --include_path="/simplelink/include" --include_path="/simplelink_extlib/provisioninglib" --define=ccs --define=cc3200 -g --gcc --printf_support=full --diag_warning=225 --diag_wrap=off --display_error_number --abi=eabi --preproc_with_compile --preproc_dependency="main.d_raw"  "../main.c"
 
>> Compilation failure
subdir_rules.mk:16: recipe for target 'main.obj' failed
gmake: *** No rule to make target 'C:/ti/ccs1250/ccs/eclipse/CC3200_SDK_ROOT/example/common/gpio_if.c', needed by 'gpio_if.obj'.
"../main.c", line 64: fatal error #1965: cannot open source file "simplelink.h"
1 catastrophic error detected in the compilation of "../main.c".
Compilation terminated.
gmake: *** [main.obj] Error 1
gmake: *** No rule to make target 'C:/ti/ccs1250/ccs/eclipse/CC3200_SDK_ROOT/example/common/network_common.c', needed by 'network_common.obj'.
Building file: "../pinmux.c"
Invoking: Arm Compiler
"C:/ti/ccs1250/ccs/tools/compiler/ti-cgt-arm_20.2.7.LTS/bin/armcl" -mv7M4 --code_state=16 --float_support=none -me -Ooff --include_path="C:/ti/ccs1250/ccs/tools/compiler/ti-cgt-arm_20.2.7.LTS/include" --include_path="/driverlib" --include_path="/inc" --include_path="/example/common" --include_path="/simplelink/" --include_path="/simplelink/source" --include_path="/simplelink/include" --include_path="/simplelink_extlib/provisioninglib" --define=ccs --define=cc3200 -g --gcc --printf_support=full --diag_warning=225 --diag_wrap=off --display_error_number --abi=eabi --preproc_with_compile --preproc_dependency="pinmux.d_raw"  "../pinmux.c"
 
>> Compilation failure
subdir_rules.mk:16: recipe for target 'pinmux.obj' failed
"../pinmux.c", line 45: fatal error #1965: cannot open source file "hw_types.h"
1 catastrophic error detected in the compilation of "../pinmux.c".
Compilation terminated.
gmake: *** [pinmux.obj] Error 1
gmake: *** No rule to make target 'C:/ti/ccs1250/ccs/eclipse/CC3200_SDK_ROOT/example/common/startup_ccs.c', needed by 'startup_ccs.obj'.
Building file: "../uart_if.c"
Invoking: Arm Compiler
"C:/ti/ccs1250/ccs/tools/compiler/ti-cgt-arm_20.2.7.LTS/bin/armcl" -mv7M4 --code_state=16 --float_support=none -me -Ooff --include_path="C:/ti/ccs1250/ccs/tools/compiler/ti-cgt-arm_20.2.7.LTS/include" --include_path="/driverlib" --include_path="/inc" --include_path="/example/common" --include_path="/simplelink/" --include_path="/simplelink/source" --include_path="/simplelink/include" --include_path="/simplelink_extlib/provisioninglib" --define=ccs --define=cc3200 -g --gcc --printf_support=full --diag_warning=225 --diag_wrap=off --display_error_number --abi=eabi --preproc_with_compile --preproc_dependency="uart_if.d_raw"  "../uart_if.c"
 
>> Compilation failure
subdir_rules.mk:16: recipe for target 'uart_if.obj' failed
"../uart_if.c", line 46: fatal error #1965: cannot open source file "hw_types.h"
1 catastrophic error detected in the compilation of "../uart_if.c".
Compilation terminated.
gmake: *** [uart_if.obj] Error 1
Building file: "../utils/network_utils.c"
Invoking: Arm Compiler
"C:/ti/ccs1250/ccs/tools/compiler/ti-cgt-arm_20.2.7.LTS/bin/armcl" -mv7M4 --code_state=16 --float_support=none -me -Ooff --include_path="C:/ti/ccs1250/ccs/tools/compiler/ti-cgt-arm_20.2.7.LTS/include" --include_path="/driverlib" --include_path="/inc" --include_path="/example/common" --include_path="/simplelink/" --include_path="/simplelink/source" --include_path="/simplelink/include" --include_path="/simplelink_extlib/provisioninglib" --define=ccs --define=cc3200 -g --gcc --printf_support=full --diag_warning=225 --diag_wrap=off --display_error_number --abi=eabi --preproc_with_compile --preproc_dependency="utils/network_utils.d_raw" --obj_directory="utils"  "../utils/network_utils.c"
 
>> Compilation failure
utils/subdir_rules.mk:9: recipe for target 'utils/network_utils.obj' failed
"..\utils\network_utils.h", line 12: fatal error #1965: cannot open source file "simplelink.h"
1 catastrophic error detected in the compilation of "../utils/network_utils.c".
Compilation terminated.
gmake: *** [utils/network_utils.obj] Error 1
gmake: Target 'all' not remade because of errors.

**** Build Finished ****

**** Build of configuration Release for project aws-rest-api-ssl-demo ****

"C:\\ti\\ccs1250\\ccs\\utils\\bin\\gmake" -k all 
 
Building file: "../main.c"
Invoking: Arm Compiler
"C:/ti/ccs1250/ccs/tools/compiler/ti-cgt-arm_20.2.7.LTS/bin/armcl" -mv7M4 --code_state=16 --float_support=none -me -Ooff --include_path="C:/ti/ccs1250/ccs/tools/compiler/ti-cgt-arm_20.2.7.LTS/include" --include_path="/driverlib" --include_path="/inc" --include_path="/example/common" --include_path="/simplelink/" --include_path="/simplelink/source" --include_path="/simplelink/include" --include_path="/simplelink_extlib/provisioninglib" --define=ccs --define=cc3200 -g --gcc --printf_support=full --diag_warning=225 --diag_wrap=off --display_error_number --abi=eabi --preproc_with_compile --preproc_dependency="main.d_raw"  "../main.c"
 
>> Compilation failure
subdir_rules.mk:16: recipe for target 'main.obj' failed
gmake: *** No rule to make target 'C:/ti/ccs1250/ccs/eclipse/CC3200_SDK_ROOT/example/common/gpio_if.c', needed by 'gpio_if.obj'.
"../main.c", line 64: fatal error #1965: cannot open source file "simplelink.h"
1 catastrophic error detected in the compilation of "../main.c".
Compilation terminated.
gmake: *** [main.obj] Error 1
gmake: *** No rule to make target 'C:/ti/ccs1250/ccs/eclipse/CC3200_SDK_ROOT/example/common/network_common.c', needed by 'network_common.obj'.
Building file: "../pinmux.c"
Invoking: Arm Compiler
"C:/ti/ccs1250/ccs/tools/compiler/ti-cgt-arm_20.2.7.LTS/bin/armcl" -mv7M4 --code_state=16 --float_support=none -me -Ooff --include_path="C:/ti/ccs1250/ccs/tools/compiler/ti-cgt-arm_20.2.7.LTS/include" --include_path="/driverlib" --include_path="/inc" --include_path="/example/common" --include_path="/simplelink/" --include_path="/simplelink/source" --include_path="/simplelink/include" --include_path="/simplelink_extlib/provisioninglib" --define=ccs --define=cc3200 -g --gcc --printf_support=full --diag_warning=225 --diag_wrap=off --display_error_number --abi=eabi --preproc_with_compile --preproc_dependency="pinmux.d_raw"  "../pinmux.c"
 
>> Compilation failure
subdir_rules.mk:16: recipe for target 'pinmux.obj' failed
"../pinmux.c", line 45: fatal error #1965: cannot open source file "hw_types.h"
1 catastrophic error detected in the compilation of "../pinmux.c".
Compilation terminated.
gmake: *** [pinmux.obj] Error 1
gmake: *** No rule to make target 'C:/ti/ccs1250/ccs/eclipse/CC3200_SDK_ROOT/example/common/startup_ccs.c', needed by 'startup_ccs.obj'.
Building file: "../uart_if.c"
Invoking: Arm Compiler
"C:/ti/ccs1250/ccs/tools/compiler/ti-cgt-arm_20.2.7.LTS/bin/armcl" -mv7M4 --code_state=16 --float_support=none -me -Ooff --include_path="C:/ti/ccs1250/ccs/tools/compiler/ti-cgt-arm_20.2.7.LTS/include" --include_path="/driverlib" --include_path="/inc" --include_path="/example/common" --include_path="/simplelink/" --include_path="/simplelink/source" --include_path="/simplelink/include" --include_path="/simplelink_extlib/provisioninglib" --define=ccs --define=cc3200 -g --gcc --printf_support=full --diag_warning=225 --diag_wrap=off --display_error_number --abi=eabi --preproc_with_compile --preproc_dependency="uart_if.d_raw"  "../uart_if.c"
 
>> Compilation failure
subdir_rules.mk:16: recipe for target 'uart_if.obj' failed
"../uart_if.c", line 46: fatal error #1965: cannot open source file "hw_types.h"
1 catastrophic error detected in the compilation of "../uart_if.c".
Compilation terminated.
gmake: *** [uart_if.obj] Error 1
Building file: "../utils/network_utils.c"
Invoking: Arm Compiler
"C:/ti/ccs1250/ccs/tools/compiler/ti-cgt-arm_20.2.7.LTS/bin/armcl" -mv7M4 --code_state=16 --float_support=none -me -Ooff --include_path="C:/ti/ccs1250/ccs/tools/compiler/ti-cgt-arm_20.2.7.LTS/include" --include_path="/driverlib" --include_path="/inc" --include_path="/example/common" --include_path="/simplelink/" --include_path="/simplelink/source" --include_path="/simplelink/include" --include_path="/simplelink_extlib/provisioninglib" --define=ccs --define=cc3200 -g --gcc --printf_support=full --diag_warning=225 --diag_wrap=off --display_error_number --abi=eabi --preproc_with_compile --preproc_dependency="utils/network_utils.d_raw" --obj_directory="utils"  "../utils/network_utils.c"
 
>> Compilation failure
utils/subdir_rules.mk:9: recipe for target 'utils/network_utils.obj' failed
"..\utils\network_utils.h", line 12: fatal error #1965: cannot open source file "simplelink.h"
1 catastrophic error detected in the compilation of "../utils/network_utils.c".
Compilation terminated.
gmake: *** [utils/network_utils.obj] Error 1
gmake: Target 'all' not remade because of errors.

**** Build Finished ****

**** Build of configuration Release for project aws-rest-api-ssl-demo ****

"C:\\ti\\ccs1250\\ccs\\utils\\bin\\gmake" -k all 
 
Building file: "../main.c"
Invoking: Arm Compiler
"C:/ti/ccs1250/ccs/tools/compiler/ti-cgt-arm_20.2.7.LTS/bin/armcl" -mv7M4 --code_state=16 --float_support=none -me -Ooff --include_path="C:/ti/ccs1250/ccs/tools/compiler/ti-cgt-arm_20.2.7.LTS/include" --include_path="/driverlib" --include_path="/inc" --include_path="/example/common" --include_path="/simplelink/" --include_path="/simplelink/source" --include_path="/simplelink/include" --include_path="/simplelink_extlib/provisioninglib" --define=ccs --define=cc3200 -g --gcc --printf_support=full --diag_warning=225 --diag_wrap=off --display_error_number --abi=eabi --preproc_with_compile --preproc_dependency="main.d_raw"  "../main.c"
 
>> Compilation failure
subdir_rules.mk:16: recipe for target 'main.obj' failed
gmake: *** No rule to make target 'C:/ti/ccs1250/ccs/eclipse/CC3200_SDK_ROOT/example/common/gpio_if.c', needed by 'gpio_if.obj'.
"../main.c", line 64: fatal error #1965: cannot open source file "simplelink.h"
1 catastrophic error detected in the compilation of "../main.c".
Compilation terminated.
gmake: *** [main.obj] Error 1
gmake: *** No rule to make target 'C:/ti/ccs1250/ccs/eclipse/CC3200_SDK_ROOT/example/common/network_common.c', needed by 'network_common.obj'.
Building file: "../pinmux.c"
Invoking: Arm Compiler
"C:/ti/ccs1250/ccs/tools/compiler/ti-cgt-arm_20.2.7.LTS/bin/armcl" -mv7M4 --code_state=16 --float_support=none -me -Ooff --include_path="C:/ti/ccs1250/ccs/tools/compiler/ti-cgt-arm_20.2.7.LTS/include" --include_path="/driverlib" --include_path="/inc" --include_path="/example/common" --include_path="/simplelink/" --include_path="/simplelink/source" --include_path="/simplelink/include" --include_path="/simplelink_extlib/provisioninglib" --define=ccs --define=cc3200 -g --gcc --printf_support=full --diag_warning=225 --diag_wrap=off --display_error_number --abi=eabi --preproc_with_compile --preproc_dependency="pinmux.d_raw"  "../pinmux.c"
 
>> Compilation failure
subdir_rules.mk:16: recipe for target 'pinmux.obj' failed
"../pinmux.c", line 45: fatal error #1965: cannot open source file "hw_types.h"
1 catastrophic error detected in the compilation of "../pinmux.c".
Compilation terminated.
gmake: *** [pinmux.obj] Error 1
gmake: *** No rule to make target 'C:/ti/ccs1250/ccs/eclipse/CC3200_SDK_ROOT/example/common/startup_ccs.c', needed by 'startup_ccs.obj'.
Building file: "../uart_if.c"
Invoking: Arm Compiler
"C:/ti/ccs1250/ccs/tools/compiler/ti-cgt-arm_20.2.7.LTS/bin/armcl" -mv7M4 --code_state=16 --float_support=none -me -Ooff --include_path="C:/ti/ccs1250/ccs/tools/compiler/ti-cgt-arm_20.2.7.LTS/include" --include_path="/driverlib" --include_path="/inc" --include_path="/example/common" --include_path="/simplelink/" --include_path="/simplelink/source" --include_path="/simplelink/include" --include_path="/simplelink_extlib/provisioninglib" --define=ccs --define=cc3200 -g --gcc --printf_support=full --diag_warning=225 --diag_wrap=off --display_error_number --abi=eabi --preproc_with_compile --preproc_dependency="uart_if.d_raw"  "../uart_if.c"
 
>> Compilation failure
subdir_rules.mk:16: recipe for target 'uart_if.obj' failed
"../uart_if.c", line 46: fatal error #1965: cannot open source file "hw_types.h"
1 catastrophic error detected in the compilation of "../uart_if.c".
Compilation terminated.
gmake: *** [uart_if.obj] Error 1
Building file: "../utils/network_utils.c"
Invoking: Arm Compiler
"C:/ti/ccs1250/ccs/tools/compiler/ti-cgt-arm_20.2.7.LTS/bin/armcl" -mv7M4 --code_state=16 --float_support=none -me -Ooff --include_path="C:/ti/ccs1250/ccs/tools/compiler/ti-cgt-arm_20.2.7.LTS/include" --include_path="/driverlib" --include_path="/inc" --include_path="/example/common" --include_path="/simplelink/" --include_path="/simplelink/source" --include_path="/simplelink/include" --include_path="/simplelink_extlib/provisioninglib" --define=ccs --define=cc3200 -g --gcc --printf_support=full --diag_warning=225 --diag_wrap=off --display_error_number --abi=eabi --preproc_with_compile --preproc_dependency="utils/network_utils.d_raw" --obj_directory="utils"  "../utils/network_utils.c"
 
>> Compilation failure
utils/subdir_rules.mk:9: recipe for target 'utils/network_utils.obj' failed
"..\utils\network_utils.h", line 12: fatal error #1965: cannot open source file "simplelink.h"
1 catastrophic error detected in the compilation of "../utils/network_utils.c".
Compilation terminated.
gmake: *** [utils/network_utils.obj] Error 1
gmake: Target 'all' not remade because of errors.

**** Build Finished ****

**** Build of configuration Release for project aws-rest-api-ssl-demo ****

"C:\\ti\\ccs1250\\ccs\\utils\\bin\\gmake" -k all 
 
Building file: "C:/ti/CC3200SDK_1.5.0/cc3200-sdk/example/common/gpio_if.c"
Invoking: Arm Compiler
"C:/ti/ccs1250/ccs/tools/compiler/ti-cgt-arm_20.2.7.LTS/bin/armcl" -mv7M4 --code_state=16 --float_support=none -me -Ooff --include_path="C:/ti/ccs1250/ccs/tools/compiler/ti-cgt-arm_20.2.7.LTS/include" --include_path="C:/ti/CC3200SDK_1.5.0/cc3200-sdk/driverlib" --include_path="C:/ti/CC3200SDK_1.5.0/cc3200-sdk/inc" --include_path="C:/ti/CC3200SDK_1.5.0/cc3200-sdk/example/common" --include_path="C:/ti/CC3200SDK_1.5.0/cc3200-sdk/simplelink/" --include_path="C:/ti/CC3200SDK_1.5.0/cc3200-sdk/simplelink/source" --include_path="C:/ti/CC3200SDK_1.5.0/cc3200-sdk/simplelink/include" --include_path="C:/ti/CC3200SDK_1.5.0/cc3200-sdk/simplelink_extlib/provisioninglib" --define=ccs --define=cc3200 -g --gcc --printf_support=full --diag_warning=225 --diag_wrap=off --display_error_number --abi=eabi --preproc_with_compile --preproc_dependency="gpio_if.d_raw"  "C:/ti/CC3200SDK_1.5.0/cc3200-sdk/example/common/gpio_if.c"
Finished building: "C:/ti/CC3200SDK_1.5.0/cc3200-sdk/example/common/gpio_if.c"
 
Building file: "../main.c"
Invoking: Arm Compiler
"C:/ti/ccs1250/ccs/tools/compiler/ti-cgt-arm_20.2.7.LTS/bin/armcl" -mv7M4 --code_state=16 --float_support=none -me -Ooff --include_path="C:/ti/ccs1250/ccs/tools/compiler/ti-cgt-arm_20.2.7.LTS/include" --include_path="C:/ti/CC3200SDK_1.5.0/cc3200-sdk/driverlib" --include_path="C:/ti/CC3200SDK_1.5.0/cc3200-sdk/inc" --include_path="C:/ti/CC3200SDK_1.5.0/cc3200-sdk/example/common" --include_path="C:/ti/CC3200SDK_1.5.0/cc3200-sdk/simplelink/" --include_path="C:/ti/CC3200SDK_1.5.0/cc3200-sdk/simplelink/source" --include_path="C:/ti/CC3200SDK_1.5.0/cc3200-sdk/simplelink/include" --include_path="C:/ti/CC3200SDK_1.5.0/cc3200-sdk/simplelink_extlib/provisioninglib" --define=ccs --define=cc3200 -g --gcc --printf_support=full --diag_warning=225 --diag_wrap=off --display_error_number --abi=eabi --preproc_with_compile --preproc_dependency="main.d_raw"  "../main.c"
Finished building: "../main.c"
 
Building file: "C:/ti/CC3200SDK_1.5.0/cc3200-sdk/example/common/network_common.c"
Invoking: Arm Compiler
"C:/ti/ccs1250/ccs/tools/compiler/ti-cgt-arm_20.2.7.LTS/bin/armcl" -mv7M4 --code_state=16 --float_support=none -me -Ooff --include_path="C:/ti/ccs1250/ccs/tools/compiler/ti-cgt-arm_20.2.7.LTS/include" --include_path="C:/ti/CC3200SDK_1.5.0/cc3200-sdk/driverlib" --include_path="C:/ti/CC3200SDK_1.5.0/cc3200-sdk/inc" --include_path="C:/ti/CC3200SDK_1.5.0/cc3200-sdk/example/common" --include_path="C:/ti/CC3200SDK_1.5.0/cc3200-sdk/simplelink/" --include_path="C:/ti/CC3200SDK_1.5.0/cc3200-sdk/simplelink/source" --include_path="C:/ti/CC3200SDK_1.5.0/cc3200-sdk/simplelink/include" --include_path="C:/ti/CC3200SDK_1.5.0/cc3200-sdk/simplelink_extlib/provisioninglib" --define=ccs --define=cc3200 -g --gcc --printf_support=full --diag_warning=225 --diag_wrap=off --display_error_number --abi=eabi --preproc_with_compile --preproc_dependency="network_common.d_raw"  "C:/ti/CC3200SDK_1.5.0/cc3200-sdk/example/common/network_common.c"
Finished building: "C:/ti/CC3200SDK_1.5.0/cc3200-sdk/example/common/network_common.c"
 
Building file: "../pinmux.c"
Invoking: Arm Compiler
"C:/ti/ccs1250/ccs/tools/compiler/ti-cgt-arm_20.2.7.LTS/bin/armcl" -mv7M4 --code_state=16 --float_support=none -me -Ooff --include_path="C:/ti/ccs1250/ccs/tools/compiler/ti-cgt-arm_20.2.7.LTS/include" --include_path="C:/ti/CC3200SDK_1.5.0/cc3200-sdk/driverlib" --include_path="C:/ti/CC3200SDK_1.5.0/cc3200-sdk/inc" --include_path="C:/ti/CC3200SDK_1.5.0/cc3200-sdk/example/common" --include_path="C:/ti/CC3200SDK_1.5.0/cc3200-sdk/simplelink/" --include_path="C:/ti/CC3200SDK_1.5.0/cc3200-sdk/simplelink/source" --include_path="C:/ti/CC3200SDK_1.5.0/cc3200-sdk/simplelink/include" --include_path="C:/ti/CC3200SDK_1.5.0/cc3200-sdk/simplelink_extlib/provisioninglib" --define=ccs --define=cc3200 -g --gcc --printf_support=full --diag_warning=225 --diag_wrap=off --display_error_number --abi=eabi --preproc_with_compile --preproc_dependency="pinmux.d_raw"  "../pinmux.c"
Finished building: "../pinmux.c"
 
Building file: "C:/ti/CC3200SDK_1.5.0/cc3200-sdk/example/common/startup_ccs.c"
Invoking: Arm Compiler
"C:/ti/ccs1250/ccs/tools/compiler/ti-cgt-arm_20.2.7.LTS/bin/armcl" -mv7M4 --code_state=16 --float_support=none -me -Ooff --include_path="C:/ti/ccs1250/ccs/tools/compiler/ti-cgt-arm_20.2.7.LTS/include" --include_path="C:/ti/CC3200SDK_1.5.0/cc3200-sdk/driverlib" --include_path="C:/ti/CC3200SDK_1.5.0/cc3200-sdk/inc" --include_path="C:/ti/CC3200SDK_1.5.0/cc3200-sdk/example/common" --include_path="C:/ti/CC3200SDK_1.5.0/cc3200-sdk/simplelink/" --include_path="C:/ti/CC3200SDK_1.5.0/cc3200-sdk/simplelink/source" --include_path="C:/ti/CC3200SDK_1.5.0/cc3200-sdk/simplelink/include" --include_path="C:/ti/CC3200SDK_1.5.0/cc3200-sdk/simplelink_extlib/provisioninglib" --define=ccs --define=cc3200 -g --gcc --printf_support=full --diag_warning=225 --diag_wrap=off --display_error_number --abi=eabi --preproc_with_compile --preproc_dependency="startup_ccs.d_raw"  "C:/ti/CC3200SDK_1.5.0/cc3200-sdk/example/common/startup_ccs.c"
Finished building: "C:/ti/CC3200SDK_1.5.0/cc3200-sdk/example/common/startup_ccs.c"
 
Building file: "../uart_if.c"
Invoking: Arm Compiler
"C:/ti/ccs1250/ccs/tools/compiler/ti-cgt-arm_20.2.7.LTS/bin/armcl" -mv7M4 --code_state=16 --float_support=none -me -Ooff --include_path="C:/ti/ccs1250/ccs/tools/compiler/ti-cgt-arm_20.2.7.LTS/include" --include_path="C:/ti/CC3200SDK_1.5.0/cc3200-sdk/driverlib" --include_path="C:/ti/CC3200SDK_1.5.0/cc3200-sdk/inc" --include_path="C:/ti/CC3200SDK_1.5.0/cc3200-sdk/example/common" --include_path="C:/ti/CC3200SDK_1.5.0/cc3200-sdk/simplelink/" --include_path="C:/ti/CC3200SDK_1.5.0/cc3200-sdk/simplelink/source" --include_path="C:/ti/CC3200SDK_1.5.0/cc3200-sdk/simplelink/include" --include_path="C:/ti/CC3200SDK_1.5.0/cc3200-sdk/simplelink_extlib/provisioninglib" --define=ccs --define=cc3200 -g --gcc --printf_support=full --diag_warning=225 --diag_wrap=off --display_error_number --abi=eabi --preproc_with_compile --preproc_dependency="uart_if.d_raw"  "../uart_if.c"
Finished building: "../uart_if.c"
 
Building file: "../utils/network_utils.c"
Invoking: Arm Compiler
"C:/ti/ccs1250/ccs/tools/compiler/ti-cgt-arm_20.2.7.LTS/bin/armcl" -mv7M4 --code_state=16 --float_support=none -me -Ooff --include_path="C:/ti/ccs1250/ccs/tools/compiler/ti-cgt-arm_20.2.7.LTS/include" --include_path="C:/ti/CC3200SDK_1.5.0/cc3200-sdk/driverlib" --include_path="C:/ti/CC3200SDK_1.5.0/cc3200-sdk/inc" --include_path="C:/ti/CC3200SDK_1.5.0/cc3200-sdk/example/common" --include_path="C:/ti/CC3200SDK_1.5.0/cc3200-sdk/simplelink/" --include_path="C:/ti/CC3200SDK_1.5.0/cc3200-sdk/simplelink/source" --include_path="C:/ti/CC3200SDK_1.5.0/cc3200-sdk/simplelink/include" --include_path="C:/ti/CC3200SDK_1.5.0/cc3200-sdk/simplelink_extlib/provisioninglib" --define=ccs --define=cc3200 -g --gcc --printf_support=full --diag_warning=225 --diag_wrap=off --display_error_number --abi=eabi --preproc_with_compile --preproc_dependency="utils/network_utils.d_raw" --obj_directory="utils"  "../utils/network_utils.c"
Finished building: "../utils/network_utils.c"
 
Building target: "aws-rest-api-ssl-demo.out"
Invoking: Arm Linker
"C:/ti/ccs1250/ccs/tools/compiler/ti-cgt-arm_20.2.7.LTS/bin/armcl" -mv7M4 --code_state=16 --float_support=none -me -Ooff --define=ccs --define=cc3200 -g --gcc --printf_support=full --diag_warning=225 --diag_wrap=off --display_error_number --abi=eabi -z -m"aws-rest-api-ssl-demo.map" --heap_size=0x00008000 --stack_size=0x00001000 -i"C:/ti/ccs1250/ccs/tools/compiler/ti-cgt-arm_20.2.7.LTS/lib" -i"C:/ti/ccs1250/ccs/tools/compiler/ti-cgt-arm_20.2.7.LTS/include" --reread_libs --diag_wrap=off --display_error_number --warn_sections --xml_link_info="aws-rest-api-ssl-demo_linkInfo.xml" --rom_model -o "aws-rest-api-ssl-demo.out" "./gpio_if.obj" "./main.obj" "./network_common.obj" "./pinmux.obj" "./startup_ccs.obj" "./uart_if.obj" "./utils/network_utils.obj" "../cc3200v1p32.cmd"  -llibc.a -l"C:/ti/CC3200SDK_1.5.0/cc3200-sdk/driverlib/ccs/Release/driverlib.a" -l"C:/ti/CC3200SDK_1.5.0/cc3200-sdk/simplelink/ccs/NON_OS/simplelink.a" 
<Linking>
Finished building target: "aws-rest-api-ssl-demo.out"
 
Bin Generation
"C:/ti/ccs1250/ccs/utils/tiobj2bin/tiobj2bin" "aws-rest-api-ssl-demo.out" "aws-rest-api-ssl-demo.bin" "C:/ti/ccs1250/ccs/tools/compiler/ti-cgt-arm_20.2.7.LTS/bin/armofd" "C:/ti/ccs1250/ccs/tools/compiler/ti-cgt-arm_20.2.7.LTS/bin/armhex" "C:/ti/ccs1250/ccs/utils/tiobj2bin/mkhex4bin"
 

**** Build Finished ****

**** Build of configuration Release for project aws-rest-api-ssl-demo ****

"C:\\ti\\ccs1250\\ccs\\utils\\bin\\gmake" -k all 
 
gmake: Nothing to be done for 'all'.

**** Build Finished ****

**** Build of configuration Release for project aws-rest-api-ssl-demo ****

"C:\\ti\\ccs1250\\ccs\\utils\\bin\\gmake" -k all 
 
gmake: Nothing to be done for 'all'.

**** Build Finished ****

**** Build of configuration Release for project aws-rest-api-ssl-demo ****

"C:\\ti\\ccs1250\\ccs\\utils\\bin\\gmake" -k all 
 
gmake: Nothing to be done for 'all'.

**** Build Finished ****

**** Build of configuration Release for project aws-rest-api-ssl-demo ****

"C:\\ti\\ccs1250\\ccs\\utils\\bin\\gmake" -k all 
 
gmake: Nothing to be done for 'all'.

**** Build Finished ****

**** Build of configuration Release for project aws-rest-api-ssl-demo ****

"C:\\ti\\ccs1250\\ccs\\utils\\bin\\gmake" -k all 
 
Building file: "../main.c"
Invoking: Arm Compiler
"C:/ti/ccs1250/ccs/tools/compiler/ti-cgt-arm_20.2.7.LTS/bin/armcl" -mv7M4 --code_state=16 --float_support=none -me -Ooff --include_path="C:/ti/ccs1250/ccs/tools/compiler/ti-cgt-arm_20.2.7.LTS/include" --include_path="C:/ti/CC3200SDK_1.5.0/cc3200-sdk/driverlib" --include_path="C:/ti/CC3200SDK_1.5.0/cc3200-sdk/inc" --include_path="C:/ti/CC3200SDK_1.5.0/cc3200-sdk/example/common" --include_path="C:/ti/CC3200SDK_1.5.0/cc3200-sdk/simplelink/" --include_path="C:/ti/CC3200SDK_1.5.0/cc3200-sdk/simplelink/source" --include_path="C:/ti/CC3200SDK_1.5.0/cc3200-sdk/simplelink/include" --include_path="C:/ti/CC3200SDK_1.5.0/cc3200-sdk/simplelink_extlib/provisioninglib" --define=ccs --define=cc3200 -g --gcc --printf_support=full --diag_warning=225 --diag_wrap=off --display_error_number --abi=eabi --preproc_with_compile --preproc_dependency="main.d_raw"  "../main.c"
Finished building: "../main.c"
 
Building target: "aws-rest-api-ssl-demo.out"
Invoking: Arm Linker
"C:/ti/ccs1250/ccs/tools/compiler/ti-cgt-arm_20.2.7.LTS/bin/armcl" -mv7M4 --code_state=16 --float_support=none -me -Ooff --define=ccs --define=cc3200 -g --gcc --printf_support=full --diag_warning=225 --diag_wrap=off --display_error_number --abi=eabi -z -m"aws-rest-api-ssl-demo.map" --heap_size=0x00008000 --stack_size=0x00001000 -i"C:/ti/ccs1250/ccs/tools/compiler/ti-cgt-arm_20.2.7.LTS/lib" -i"C:/ti/ccs1250/ccs/tools/compiler/ti-cgt-arm_20.2.7.LTS/include" --reread_libs --diag_wrap=off --display_error_number --warn_sections --xml_link_info="aws-rest-api-ssl-demo_linkInfo.xml" --rom_model -o "aws-rest-api-ssl-demo.out" "./gpio_if.obj" "./main.obj" "./network_common.obj" "./pinmux.obj" "./startup_ccs.obj" "./uart_if.obj" "./utils/network_utils.obj" "../cc3200v1p32.cmd"  -llibc.a -l"C:/ti/CC3200SDK_1.5.0/cc3200-sdk/driverlib/ccs/Release/driverlib.a" -l"C:/ti/CC3200SDK_1.5.0/cc3200-sdk/simplelink/ccs/NON_OS/simplelink.a" 
<Linking>
Finished building target: "aws-rest-api-ssl-demo.out"
 
Bin Generation
"C:/ti/ccs1250/ccs/utils/tiobj2bin/tiobj2bin" "aws-rest-api-ssl-demo.out" "aws-rest-api-ssl-demo.bin" "C:/ti/ccs1250/ccs/tools/compiler/ti-cgt-arm_20.2.7.LTS/bin/armofd" "C:/ti/ccs1250/ccs/tools/compiler/ti-cgt-arm_20.2.7.LTS/bin/armhex" "C:/ti/ccs1250/ccs/utils/tiobj2bin/mkhex4bin"
 

**** Build Finished ****

**** Build of configuration Release for project aws-rest-api-ssl-demo ****

"C:\\ti\\ccs1250\\ccs\\utils\\bin\\gmake" -k all 
 
gmake: Nothing to be done for 'all'.

**** Build Finished ****

**** Build of configuration Release for project aws-rest-api-ssl-demo ****

"C:\\ti\\ccs1250\\ccs\\utils\\bin\\gmake" -k all 
 
gmake: Nothing to be done for 'all'.

**** Build Finished ****

**** Build of configuration Release for project aws-rest-api-ssl-demo ****

"C:\\ti\\ccs1250\\ccs\\utils\\bin\\gmake" -k all 
 
Building file: "../main.c"
Invoking: Arm Compiler
"C:/ti/ccs1250/ccs/tools/compiler/ti-cgt-arm_20.2.7.LTS/bin/armcl" -mv7M4 --code_state=16 --float_support=none -me -Ooff --include_path="C:/ti/ccs1250/ccs/tools/compiler/ti-cgt-arm_20.2.7.LTS/include" --include_path="C:/ti/CC3200SDK_1.5.0/cc3200-sdk/driverlib" --include_path="C:/ti/CC3200SDK_1.5.0/cc3200-sdk/inc" --include_path="C:/ti/CC3200SDK_1.5.0/cc3200-sdk/example/common" --include_path="C:/ti/CC3200SDK_1.5.0/cc3200-sdk/simplelink/" --include_path="C:/ti/CC3200SDK_1.5.0/cc3200-sdk/simplelink/source" --include_path="C:/ti/CC3200SDK_1.5.0/cc3200-sdk/simplelink/include" --include_path="C:/ti/CC3200SDK_1.5.0/cc3200-sdk/simplelink_extlib/provisioninglib" --define=ccs --define=cc3200 -g --gcc --printf_support=full --diag_warning=225 --diag_wrap=off --display_error_number --abi=eabi --preproc_with_compile --preproc_dependency="main.d_raw"  "../main.c"
Finished building: "../main.c"
 
Building target: "aws-rest-api-ssl-demo.out"
Invoking: Arm Linker
"C:/ti/ccs1250/ccs/tools/compiler/ti-cgt-arm_20.2.7.LTS/bin/armcl" -mv7M4 --code_state=16 --float_support=none -me -Ooff --define=ccs --define=cc3200 -g --gcc --printf_support=full --diag_warning=225 --diag_wrap=off --display_error_number --abi=eabi -z -m"aws-rest-api-ssl-demo.map" --heap_size=0x00008000 --stack_size=0x00001000 -i"C:/ti/ccs1250/ccs/tools/compiler/ti-cgt-arm_20.2.7.LTS/lib" -i"C:/ti/ccs1250/ccs/tools/compiler/ti-cgt-arm_20.2.7.LTS/include" --reread_libs --diag_wrap=off --display_error_number --warn_sections --xml_link_info="aws-rest-api-ssl-demo_linkInfo.xml" --rom_model -o "aws-rest-api-ssl-demo.out" "./gpio_if.obj" "./main.obj" "./network_common.obj" "./pinmux.obj" "./startup_ccs.obj" "./uart_if.obj" "./utils/network_utils.obj" "../cc3200v1p32.cmd"  -llibc.a -l"C:/ti/CC3200SDK_1.5.0/cc3200-sdk/driverlib/ccs/Release/driverlib.a" -l"C:/ti/CC3200SDK_1.5.0/cc3200-sdk/simplelink/ccs/NON_OS/simplelink.a" 
<Linking>
Finished building target: "aws-rest-api-ssl-demo.out"
 
Bin Generation
"C:/ti/ccs1250/ccs/utils/tiobj2bin/tiobj2bin" "aws-rest-api-ssl-demo.out" "aws-rest-api-ssl-demo.bin" "C:/ti/ccs1250/ccs/tools/compiler/ti-cgt-arm_20.2.7.LTS/bin/armofd" "C:/ti/ccs1250/ccs/tools/compiler/ti-cgt-arm_20.2.7.LTS/bin/armhex" "C:/ti/ccs1250/ccs/utils/tiobj2bin/mkhex4bin"
 

**** Build Finished ****

**** Build of configuration Release for project aws-rest-api-ssl-demo ****

"C:\\ti\\ccs1250\\ccs\\utils\\bin\\gmake" -k all 
 
gmake: Nothing to be done for 'all'.

**** Build Finished ****

**** Build of configuration Release for project aws-rest-api-ssl-demo ****

"C:\\ti\\ccs1250\\ccs\\utils\\bin\\gmake" -k all 
 
gmake: Nothing to be done for 'all'.

**** Build Finished ****

**** Build of configuration Release for project aws-rest-api-ssl-demo ****

"C:\\ti\\ccs1250\\ccs\\utils\\bin\\gmake" -k all 
 
gmake: Nothing to be done for 'all'.

**** Build Finished ****

**** Build of configuration Release for project aws-rest-api-ssl-demo ****

"C:\\ti\\ccs1250\\ccs\\utils\\bin\\gmake" -k all 
 
Building file: "../main.c"
Invoking: Arm Compiler
"C:/ti/ccs1250/ccs/tools/compiler/ti-cgt-arm_20.2.7.LTS/bin/armcl" -mv7M4 --code_state=16 --float_support=none -me -Ooff --include_path="C:/ti/ccs1250/ccs/tools/compiler/ti-cgt-arm_20.2.7.LTS/include" --include_path="C:/ti/CC3200SDK_1.5.0/cc3200-sdk/driverlib" --include_path="C:/ti/CC3200SDK_1.5.0/cc3200-sdk/inc" --include_path="C:/ti/CC3200SDK_1.5.0/cc3200-sdk/example/common" --include_path="C:/ti/CC3200SDK_1.5.0/cc3200-sdk/simplelink/" --include_path="C:/ti/CC3200SDK_1.5.0/cc3200-sdk/simplelink/source" --include_path="C:/ti/CC3200SDK_1.5.0/cc3200-sdk/simplelink/include" --include_path="C:/ti/CC3200SDK_1.5.0/cc3200-sdk/simplelink_extlib/provisioninglib" --define=ccs --define=cc3200 -g --gcc --printf_support=full --diag_warning=225 --diag_wrap=off --display_error_number --abi=eabi --preproc_with_compile --preproc_dependency="main.d_raw"  "../main.c"
Finished building: "../main.c"
 
Building target: "aws-rest-api-ssl-demo.out"
Invoking: Arm Linker
"C:/ti/ccs1250/ccs/tools/compiler/ti-cgt-arm_20.2.7.LTS/bin/armcl" -mv7M4 --code_state=16 --float_support=none -me -Ooff --define=ccs --define=cc3200 -g --gcc --printf_support=full --diag_warning=225 --diag_wrap=off --display_error_number --abi=eabi -z -m"aws-rest-api-ssl-demo.map" --heap_size=0x00008000 --stack_size=0x00001000 -i"C:/ti/ccs1250/ccs/tools/compiler/ti-cgt-arm_20.2.7.LTS/lib" -i"C:/ti/ccs1250/ccs/tools/compiler/ti-cgt-arm_20.2.7.LTS/include" --reread_libs --diag_wrap=off --display_error_number --warn_sections --xml_link_info="aws-rest-api-ssl-demo_linkInfo.xml" --rom_model -o "aws-rest-api-ssl-demo.out" "./gpio_if.obj" "./main.obj" "./network_common.obj" "./pinmux.obj" "./startup_ccs.obj" "./uart_if.obj" "./utils/network_utils.obj" "../cc3200v1p32.cmd"  -llibc.a -l"C:/ti/CC3200SDK_1.5.0/cc3200-sdk/driverlib/ccs/Release/driverlib.a" -l"C:/ti/CC3200SDK_1.5.0/cc3200-sdk/simplelink/ccs/NON_OS/simplelink.a" 
<Linking>
Finished building target: "aws-rest-api-ssl-demo.out"
 
Bin Generation
"C:/ti/ccs1250/ccs/utils/tiobj2bin/tiobj2bin" "aws-rest-api-ssl-demo.out" "aws-rest-api-ssl-demo.bin" "C:/ti/ccs1250/ccs/tools/compiler/ti-cgt-arm_20.2.7.LTS/bin/armofd" "C:/ti/ccs1250/ccs/tools/compiler/ti-cgt-arm_20.2.7.LTS/bin/armhex" "C:/ti/ccs1250/ccs/utils/tiobj2bin/mkhex4bin"
 

**** Build Finished ****

**** Build of configuration Release for project aws-rest-api-ssl-demo ****

"C:\\ti\\ccs1250\\ccs\\utils\\bin\\gmake" -k all 
 
gmake: Nothing to be done for 'all'.

**** Build Finished ****

**** Build of configuration Release for project aws-rest-api-ssl-demo ****

"C:\\ti\\ccs1250\\ccs\\utils\\bin\\gmake" -k all 
 
Building file: "../main.c"
Invoking: Arm Compiler
"C:/ti/ccs1250/ccs/tools/compiler/ti-cgt-arm_20.2.7.LTS/bin/armcl" -mv7M4 --code_state=16 --float_support=none -me -Ooff --include_path="C:/ti/ccs1250/ccs/tools/compiler/ti-cgt-arm_20.2.7.LTS/include" --include_path="C:/ti/CC3200SDK_1.5.0/cc3200-sdk/driverlib" --include_path="C:/ti/CC3200SDK_1.5.0/cc3200-sdk/inc" --include_path="C:/ti/CC3200SDK_1.5.0/cc3200-sdk/example/common" --include_path="C:/ti/CC3200SDK_1.5.0/cc3200-sdk/simplelink/" --include_path="C:/ti/CC3200SDK_1.5.0/cc3200-sdk/simplelink/source" --include_path="C:/ti/CC3200SDK_1.5.0/cc3200-sdk/simplelink/include" --include_path="C:/ti/CC3200SDK_1.5.0/cc3200-sdk/simplelink_extlib/provisioninglib" --define=ccs --define=cc3200 -g --gcc --printf_support=full --diag_warning=225 --diag_wrap=off --display_error_number --abi=eabi --preproc_with_compile --preproc_dependency="main.d_raw"  "../main.c"
"../main.c", line 279: warning #112-D: statement is unreachable
Finished building: "../main.c"
 
Building target: "aws-rest-api-ssl-demo.out"
Invoking: Arm Linker
"C:/ti/ccs1250/ccs/tools/compiler/ti-cgt-arm_20.2.7.LTS/bin/armcl" -mv7M4 --code_state=16 --float_support=none -me -Ooff --define=ccs --define=cc3200 -g --gcc --printf_support=full --diag_warning=225 --diag_wrap=off --display_error_number --abi=eabi -z -m"aws-rest-api-ssl-demo.map" --heap_size=0x00008000 --stack_size=0x00001000 -i"C:/ti/ccs1250/ccs/tools/compiler/ti-cgt-arm_20.2.7.LTS/lib" -i"C:/ti/ccs1250/ccs/tools/compiler/ti-cgt-arm_20.2.7.LTS/include" --reread_libs --diag_wrap=off --display_error_number --warn_sections --xml_link_info="aws-rest-api-ssl-demo_linkInfo.xml" --rom_model -o "aws-rest-api-ssl-demo.out" "./gpio_if.obj" "./main.obj" "./network_common.obj" "./pinmux.obj" "./startup_ccs.obj" "./uart_if.obj" "./utils/network_utils.obj" "../cc3200v1p32.cmd"  -llibc.a -l"C:/ti/CC3200SDK_1.5.0/cc3200-sdk/driverlib/ccs/Release/driverlib.a" -l"C:/ti/CC3200SDK_1.5.0/cc3200-sdk/simplelink/ccs/NON_OS/simplelink.a" 
<Linking>
Finished building target: "aws-rest-api-ssl-demo.out"
 
Bin Generation
"C:/ti/ccs1250/ccs/utils/tiobj2bin/tiobj2bin" "aws-rest-api-ssl-demo.out" "aws-rest-api-ssl-demo.bin" "C:/ti/ccs1250/ccs/tools/compiler/ti-cgt-arm_20.2.7.LTS/bin/armofd" "C:/ti/ccs1250/ccs/tools/compiler/ti-cgt-arm_20.2.7.LTS/bin/armhex" "C:/ti/ccs1250/ccs/utils/tiobj2bin/mkhex4bin"
 

**** Build Finished ****

**** Build of configuration Release for project aws-rest-api-ssl-demo ****

"C:\\ti\\ccs1250\\ccs\\utils\\bin\\gmake" -k all 
 
gmake: Nothing to be done for 'all'.

**** Build Finished ****

**** Build of configuration Release for project aws-rest-api-ssl-demo ****

"C:\\ti\\ccs1250\\ccs\\utils\\bin\\gmake" -k all 
 
gmake: Nothing to be done for 'all'.

**** Build Finished ****

**** Build of configuration Release for project aws-rest-api-ssl-demo ****

"C:\\ti\\ccs1250\\ccs\\utils\\bin\\gmake" -k all 
 
Building file: "../main.c"
Invoking: Arm Compiler
"C:/ti/ccs1250/ccs/tools/compiler/ti-cgt-arm_20.2.7.LTS/bin/armcl" -mv7M4 --code_state=16 --float_support=none -me -Ooff --include_path="C:/ti/ccs1250/ccs/tools/compiler/ti-cgt-arm_20.2.7.LTS/include" --include_path="C:/ti/CC3200SDK_1.5.0/cc3200-sdk/driverlib" --include_path="C:/ti/CC3200SDK_1.5.0/cc3200-sdk/inc" --include_path="C:/ti/CC3200SDK_1.5.0/cc3200-sdk/example/common" --include_path="C:/ti/CC3200SDK_1.5.0/cc3200-sdk/simplelink/" --include_path="C:/ti/CC3200SDK_1.5.0/cc3200-sdk/simplelink/source" --include_path="C:/ti/CC3200SDK_1.5.0/cc3200-sdk/simplelink/include" --include_path="C:/ti/CC3200SDK_1.5.0/cc3200-sdk/simplelink_extlib/provisioninglib" --define=ccs --define=cc3200 -g --gcc --printf_support=full --diag_warning=225 --diag_wrap=off --display_error_number --abi=eabi --preproc_with_compile --preproc_dependency="main.d_raw"  "../main.c"
Finished building: "../main.c"
 
Building target: "aws-rest-api-ssl-demo.out"
Invoking: Arm Linker
"C:/ti/ccs1250/ccs/tools/compiler/ti-cgt-arm_20.2.7.LTS/bin/armcl" -mv7M4 --code_state=16 --float_support=none -me -Ooff --define=ccs --define=cc3200 -g --gcc --printf_support=full --diag_warning=225 --diag_wrap=off --display_error_number --abi=eabi -z -m"aws-rest-api-ssl-demo.map" --heap_size=0x00008000 --stack_size=0x00001000 -i"C:/ti/ccs1250/ccs/tools/compiler/ti-cgt-arm_20.2.7.LTS/lib" -i"C:/ti/ccs1250/ccs/tools/compiler/ti-cgt-arm_20.2.7.LTS/include" --reread_libs --diag_wrap=off --display_error_number --warn_sections --xml_link_info="aws-rest-api-ssl-demo_linkInfo.xml" --rom_model -o "aws-rest-api-ssl-demo.out" "./gpio_if.obj" "./main.obj" "./network_common.obj" "./pinmux.obj" "./startup_ccs.obj" "./uart_if.obj" "./utils/network_utils.obj" "../cc3200v1p32.cmd"  -llibc.a -l"C:/ti/CC3200SDK_1.5.0/cc3200-sdk/driverlib/ccs/Release/driverlib.a" -l"C:/ti/CC3200SDK_1.5.0/cc3200-sdk/simplelink/ccs/NON_OS/simplelink.a" 
<Linking>
Finished building target: "aws-rest-api-ssl-demo.out"
 
Bin Generation
"C:/ti/ccs1250/ccs/utils/tiobj2bin/tiobj2bin" "aws-rest-api-ssl-demo.out" "aws-rest-api-ssl-demo.bin" "C:/ti/ccs1250/ccs/tools/compiler/ti-cgt-arm_20.2.7.LTS/bin/armofd" "C:/ti/ccs1250/ccs/tools/compiler/ti-cgt-arm_20.2.7.LTS/bin/armhex" "C:/ti/ccs1250/ccs/utils/tiobj2bin/mkhex4bin"
 

**** Build Finished ****

**** Build of configuration Release for project aws-rest-api-ssl-demo ****

"C:\\ti\\ccs1250\\ccs\\utils\\bin\\gmake" -k all 
 
gmake: Nothing to be done for 'all'.

**** Build Finished ****

**** Build of configuration Release for project aws-rest-api-ssl-demo ****

"C:\\ti\\ccs1250\\ccs\\utils\\bin\\gmake" -k all 
 
gmake: Nothing to be done for 'all'.

**** Build Finished ****

**** Build of configuration Release for project aws-rest-api-ssl-demo ****

"C:\\ti\\ccs1250\\ccs\\utils\\bin\\gmake" -k all 
 
Building file: "../main.c"
Invoking: Arm Compiler
"C:/ti/ccs1250/ccs/tools/compiler/ti-cgt-arm_20.2.7.LTS/bin/armcl" -mv7M4 --code_state=16 --float_support=none -me -Ooff --include_path="C:/ti/ccs1250/ccs/tools/compiler/ti-cgt-arm_20.2.7.LTS/include" --include_path="C:/ti/CC3200SDK_1.5.0/cc3200-sdk/driverlib" --include_path="C:/ti/CC3200SDK_1.5.0/cc3200-sdk/inc" --include_path="C:/ti/CC3200SDK_1.5.0/cc3200-sdk/example/common" --include_path="C:/ti/CC3200SDK_1.5.0/cc3200-sdk/simplelink/" --include_path="C:/ti/CC3200SDK_1.5.0/cc3200-sdk/simplelink/source" --include_path="C:/ti/CC3200SDK_1.5.0/cc3200-sdk/simplelink/include" --include_path="C:/ti/CC3200SDK_1.5.0/cc3200-sdk/simplelink_extlib/provisioninglib" --define=ccs --define=cc3200 -g --gcc --printf_support=full --diag_warning=225 --diag_wrap=off --display_error_number --abi=eabi --preproc_with_compile --preproc_dependency="main.d_raw"  "../main.c"
Finished building: "../main.c"
 
Building target: "aws-rest-api-ssl-demo.out"
Invoking: Arm Linker
"C:/ti/ccs1250/ccs/tools/compiler/ti-cgt-arm_20.2.7.LTS/bin/armcl" -mv7M4 --code_state=16 --float_support=none -me -Ooff --define=ccs --define=cc3200 -g --gcc --printf_support=full --diag_warning=225 --diag_wrap=off --display_error_number --abi=eabi -z -m"aws-rest-api-ssl-demo.map" --heap_size=0x00008000 --stack_size=0x00001000 -i"C:/ti/ccs1250/ccs/tools/compiler/ti-cgt-arm_20.2.7.LTS/lib" -i"C:/ti/ccs1250/ccs/tools/compiler/ti-cgt-arm_20.2.7.LTS/include" --reread_libs --diag_wrap=off --display_error_number --warn_sections --xml_link_info="aws-rest-api-ssl-demo_linkInfo.xml" --rom_model -o "aws-rest-api-ssl-demo.out" "./gpio_if.obj" "./main.obj" "./network_common.obj" "./pinmux.obj" "./startup_ccs.obj" "./uart_if.obj" "./utils/network_utils.obj" "../cc3200v1p32.cmd"  -llibc.a -l"C:/ti/CC3200SDK_1.5.0/cc3200-sdk/driverlib/ccs/Release/driverlib.a" -l"C:/ti/CC3200SDK_1.5.0/cc3200-sdk/simplelink/ccs/NON_OS/simplelink.a" 
<Linking>
Finished building target: "aws-rest-api-ssl-demo.out"
 
Bin Generation
"C:/ti/ccs1250/ccs/utils/tiobj2bin/tiobj2bin" "aws-rest-api-ssl-demo.out" "aws-rest-api-ssl-demo.bin" "C:/ti/ccs1250/ccs/tools/compiler/ti-cgt-arm_20.2.7.LTS/bin/armofd" "C:/ti/ccs1250/ccs/tools/compiler/ti-cgt-arm_20.2.7.LTS/bin/armhex" "C:/ti/ccs1250/ccs/utils/tiobj2bin/mkhex4bin"
 

**** Build Finished ****

**** Build of configuration Release for project aws-rest-api-ssl-demo ****

"C:\\ti\\ccs1250\\ccs\\utils\\bin\\gmake" -k all 
 
gmake: Nothing to be done for 'all'.

**** Build Finished ****

**** Build of configuration Release for project aws-rest-api-ssl-demo ****

"C:\\ti\\ccs1250\\ccs\\utils\\bin\\gmake" -k all 
 
Building file: "../utils/network_utils.c"
Invoking: Arm Compiler
"C:/ti/ccs1250/ccs/tools/compiler/ti-cgt-arm_20.2.7.LTS/bin/armcl" -mv7M4 --code_state=16 --float_support=none -me -Ooff --include_path="C:/ti/ccs1250/ccs/tools/compiler/ti-cgt-arm_20.2.7.LTS/include" --include_path="C:/ti/CC3200SDK_1.5.0/cc3200-sdk/driverlib" --include_path="C:/ti/CC3200SDK_1.5.0/cc3200-sdk/inc" --include_path="C:/ti/CC3200SDK_1.5.0/cc3200-sdk/example/common" --include_path="C:/ti/CC3200SDK_1.5.0/cc3200-sdk/simplelink/" --include_path="C:/ti/CC3200SDK_1.5.0/cc3200-sdk/simplelink/source" --include_path="C:/ti/CC3200SDK_1.5.0/cc3200-sdk/simplelink/include" --include_path="C:/ti/CC3200SDK_1.5.0/cc3200-sdk/simplelink_extlib/provisioninglib" --define=ccs --define=cc3200 -g --gcc --printf_support=full --diag_warning=225 --diag_wrap=off --display_error_number --abi=eabi --preproc_with_compile --preproc_dependency="utils/network_utils.d_raw" --obj_directory="utils"  "../utils/network_utils.c"
Finished building: "../utils/network_utils.c"
 
Building target: "aws-rest-api-ssl-demo.out"
Invoking: Arm Linker
"C:/ti/ccs1250/ccs/tools/compiler/ti-cgt-arm_20.2.7.LTS/bin/armcl" -mv7M4 --code_state=16 --float_support=none -me -Ooff --define=ccs --define=cc3200 -g --gcc --printf_support=full --diag_warning=225 --diag_wrap=off --display_error_number --abi=eabi -z -m"aws-rest-api-ssl-demo.map" --heap_size=0x00008000 --stack_size=0x00001000 -i"C:/ti/ccs1250/ccs/tools/compiler/ti-cgt-arm_20.2.7.LTS/lib" -i"C:/ti/ccs1250/ccs/tools/compiler/ti-cgt-arm_20.2.7.LTS/include" --reread_libs --diag_wrap=off --display_error_number --warn_sections --xml_link_info="aws-rest-api-ssl-demo_linkInfo.xml" --rom_model -o "aws-rest-api-ssl-demo.out" "./gpio_if.obj" "./main.obj" "./network_common.obj" "./pinmux.obj" "./startup_ccs.obj" "./uart_if.obj" "./utils/network_utils.obj" "../cc3200v1p32.cmd"  -llibc.a -l"C:/ti/CC3200SDK_1.5.0/cc3200-sdk/driverlib/ccs/Release/driverlib.a" -l"C:/ti/CC3200SDK_1.5.0/cc3200-sdk/simplelink/ccs/NON_OS/simplelink.a" 
<Linking>
Finished building target: "aws-rest-api-ssl-demo.out"
 
Bin Generation
"C:/ti/ccs1250/ccs/utils/tiobj2bin/tiobj2bin" "aws-rest-api-ssl-demo.out" "aws-rest-api-ssl-demo.bin" "C:/ti/ccs1250/ccs/tools/compiler/ti-cgt-arm_20.2.7.LTS/bin/armofd" "C:/ti/ccs1250/ccs/tools/compiler/ti-cgt-arm_20.2.7.LTS/bin/armhex" "C:/ti/ccs1250/ccs/utils/tiobj2bin/mkhex4bin"
 

**** Build Finished ****

**** Build of configuration Release for project aws-rest-api-ssl-demo ****

"C:\\ti\\ccs1250\\ccs\\utils\\bin\\gmake" -k all 
 
gmake: Nothing to be done for 'all'.

**** Build Finished ****

**** Build of configuration Release for project aws-rest-api-ssl-demo ****

"C:\\ti\\ccs1250\\ccs\\utils\\bin\\gmake" -k all 
 
Building file: "../utils/network_utils.c"
Invoking: Arm Compiler
"C:/ti/ccs1250/ccs/tools/compiler/ti-cgt-arm_20.2.7.LTS/bin/armcl" -mv7M4 --code_state=16 --float_support=none -me -Ooff --include_path="C:/ti/ccs1250/ccs/tools/compiler/ti-cgt-arm_20.2.7.LTS/include" --include_path="C:/ti/CC3200SDK_1.5.0/cc3200-sdk/driverlib" --include_path="C:/ti/CC3200SDK_1.5.0/cc3200-sdk/inc" --include_path="C:/ti/CC3200SDK_1.5.0/cc3200-sdk/example/common" --include_path="C:/ti/CC3200SDK_1.5.0/cc3200-sdk/simplelink/" --include_path="C:/ti/CC3200SDK_1.5.0/cc3200-sdk/simplelink/source" --include_path="C:/ti/CC3200SDK_1.5.0/cc3200-sdk/simplelink/include" --include_path="C:/ti/CC3200SDK_1.5.0/cc3200-sdk/simplelink_extlib/provisioninglib" --define=ccs --define=cc3200 -g --gcc --printf_support=full --diag_warning=225 --diag_wrap=off --display_error_number --abi=eabi --preproc_with_compile --preproc_dependency="utils/network_utils.d_raw" --obj_directory="utils"  "../utils/network_utils.c"
Finished building: "../utils/network_utils.c"
 
Building target: "aws-rest-api-ssl-demo.out"
Invoking: Arm Linker
"C:/ti/ccs1250/ccs/tools/compiler/ti-cgt-arm_20.2.7.LTS/bin/armcl" -mv7M4 --code_state=16 --float_support=none -me -Ooff --define=ccs --define=cc3200 -g --gcc --printf_support=full --diag_warning=225 --diag_wrap=off --display_error_number --abi=eabi -z -m"aws-rest-api-ssl-demo.map" --heap_size=0x00008000 --stack_size=0x00001000 -i"C:/ti/ccs1250/ccs/tools/compiler/ti-cgt-arm_20.2.7.LTS/lib" -i"C:/ti/ccs1250/ccs/tools/compiler/ti-cgt-arm_20.2.7.LTS/include" --reread_libs --diag_wrap=off --display_error_number --warn_sections --xml_link_info="aws-rest-api-ssl-demo_linkInfo.xml" --rom_model -o "aws-rest-api-ssl-demo.out" "./gpio_if.obj" "./main.obj" "./network_common.obj" "./pinmux.obj" "./startup_ccs.obj" "./uart_if.obj" "./utils/network_utils.obj" "../cc3200v1p32.cmd"  -llibc.a -l"C:/ti/CC3200SDK_1.5.0/cc3200-sdk/driverlib/ccs/Release/driverlib.a" -l"C:/ti/CC3200SDK_1.5.0/cc3200-sdk/simplelink/ccs/NON_OS/simplelink.a" 
<Linking>
Finished building target: "aws-rest-api-ssl-demo.out"
 
Bin Generation
"C:/ti/ccs1250/ccs/utils/tiobj2bin/tiobj2bin" "aws-rest-api-ssl-demo.out" "aws-rest-api-ssl-demo.bin" "C:/ti/ccs1250/ccs/tools/compiler/ti-cgt-arm_20.2.7.LTS/bin/armofd" "C:/ti/ccs1250/ccs/tools/compiler/ti-cgt-arm_20.2.7.LTS/bin/armhex" "C:/ti/ccs1250/ccs/utils/tiobj2bin/mkhex4bin"
 

**** Build Finished ****

**** Build of configuration Release for project aws-rest-api-ssl-demo ****

"C:\\ti\\ccs1250\\ccs\\utils\\bin\\gmake" -k all 
 
gmake: Nothing to be done for 'all'.

**** Build Finished ****

**** Build of configuration Release for project aws-rest-api-ssl-demo ****

"C:\\ti\\ccs1250\\ccs\\utils\\bin\\gmake" -k all 
 
Building file: "../main.c"
Invoking: Arm Compiler
"C:/ti/ccs1250/ccs/tools/compiler/ti-cgt-arm_20.2.7.LTS/bin/armcl" -mv7M4 --code_state=16 --float_support=none -me -Ooff --include_path="C:/ti/ccs1250/ccs/tools/compiler/ti-cgt-arm_20.2.7.LTS/include" --include_path="C:/ti/CC3200SDK_1.5.0/cc3200-sdk/driverlib" --include_path="C:/ti/CC3200SDK_1.5.0/cc3200-sdk/inc" --include_path="C:/ti/CC3200SDK_1.5.0/cc3200-sdk/example/common" --include_path="C:/ti/CC3200SDK_1.5.0/cc3200-sdk/simplelink/" --include_path="C:/ti/CC3200SDK_1.5.0/cc3200-sdk/simplelink/source" --include_path="C:/ti/CC3200SDK_1.5.0/cc3200-sdk/simplelink/include" --include_path="C:/ti/CC3200SDK_1.5.0/cc3200-sdk/simplelink_extlib/provisioninglib" --define=ccs --define=cc3200 -g --gcc --printf_support=full --diag_warning=225 --diag_wrap=off --display_error_number --abi=eabi --preproc_with_compile --preproc_dependency="main.d_raw"  "../main.c"
Finished building: "../main.c"
 
Building file: "../utils/network_utils.c"
Invoking: Arm Compiler
"C:/ti/ccs1250/ccs/tools/compiler/ti-cgt-arm_20.2.7.LTS/bin/armcl" -mv7M4 --code_state=16 --float_support=none -me -Ooff --include_path="C:/ti/ccs1250/ccs/tools/compiler/ti-cgt-arm_20.2.7.LTS/include" --include_path="C:/ti/CC3200SDK_1.5.0/cc3200-sdk/driverlib" --include_path="C:/ti/CC3200SDK_1.5.0/cc3200-sdk/inc" --include_path="C:/ti/CC3200SDK_1.5.0/cc3200-sdk/example/common" --include_path="C:/ti/CC3200SDK_1.5.0/cc3200-sdk/simplelink/" --include_path="C:/ti/CC3200SDK_1.5.0/cc3200-sdk/simplelink/source" --include_path="C:/ti/CC3200SDK_1.5.0/cc3200-sdk/simplelink/include" --include_path="C:/ti/CC3200SDK_1.5.0/cc3200-sdk/simplelink_extlib/provisioninglib" --define=ccs --define=cc3200 -g --gcc --printf_support=full --diag_warning=225 --diag_wrap=off --display_error_number --abi=eabi --preproc_with_compile --preproc_dependency="utils/network_utils.d_raw" --obj_directory="utils"  "../utils/network_utils.c"
Finished building: "../utils/network_utils.c"
 
Building target: "aws-rest-api-ssl-demo.out"
Invoking: Arm Linker
"C:/ti/ccs1250/ccs/tools/compiler/ti-cgt-arm_20.2.7.LTS/bin/armcl" -mv7M4 --code_state=16 --float_support=none -me -Ooff --define=ccs --define=cc3200 -g --gcc --printf_support=full --diag_warning=225 --diag_wrap=off --display_error_number --abi=eabi -z -m"aws-rest-api-ssl-demo.map" --heap_size=0x00008000 --stack_size=0x00001000 -i"C:/ti/ccs1250/ccs/tools/compiler/ti-cgt-arm_20.2.7.LTS/lib" -i"C:/ti/ccs1250/ccs/tools/compiler/ti-cgt-arm_20.2.7.LTS/include" --reread_libs --diag_wrap=off --display_error_number --warn_sections --xml_link_info="aws-rest-api-ssl-demo_linkInfo.xml" --rom_model -o "aws-rest-api-ssl-demo.out" "./gpio_if.obj" "./main.obj" "./network_common.obj" "./pinmux.obj" "./startup_ccs.obj" "./uart_if.obj" "./utils/network_utils.obj" "../cc3200v1p32.cmd"  -llibc.a -l"C:/ti/CC3200SDK_1.5.0/cc3200-sdk/driverlib/ccs/Release/driverlib.a" -l"C:/ti/CC3200SDK_1.5.0/cc3200-sdk/simplelink/ccs/NON_OS/simplelink.a" 
<Linking>
Finished building target: "aws-rest-api-ssl-demo.out"
 
Bin Generation
"C:/ti/ccs1250/ccs/utils/tiobj2bin/tiobj2bin" "aws-rest-api-ssl-demo.out" "aws-rest-api-ssl-demo.bin" "C:/ti/ccs1250/ccs/tools/compiler/ti-cgt-arm_20.2.7.LTS/bin/armofd" "C:/ti/ccs1250/ccs/tools/compiler/ti-cgt-arm_20.2.7.LTS/bin/armhex" "C:/ti/ccs1250/ccs/utils/tiobj2bin/mkhex4bin"
 

**** Build Finished ****

**** Build of configuration Release for project aws-rest-api-ssl-demo ****

"C:\\ti\\ccs1250\\ccs\\utils\\bin\\gmake" -k all 
 
gmake: Nothing to be done for 'all'.

**** Build Finished ****

**** Build of configuration Release for project aws-rest-api-ssl-demo ****

"C:\\ti\\ccs1250\\ccs\\utils\\bin\\gmake" -k all 
 
Building file: "../utils/network_utils.c"
Invoking: Arm Compiler
"C:/ti/ccs1250/ccs/tools/compiler/ti-cgt-arm_20.2.7.LTS/bin/armcl" -mv7M4 --code_state=16 --float_support=none -me -Ooff --include_path="C:/ti/ccs1250/ccs/tools/compiler/ti-cgt-arm_20.2.7.LTS/include" --include_path="C:/ti/CC3200SDK_1.5.0/cc3200-sdk/driverlib" --include_path="C:/ti/CC3200SDK_1.5.0/cc3200-sdk/inc" --include_path="C:/ti/CC3200SDK_1.5.0/cc3200-sdk/example/common" --include_path="C:/ti/CC3200SDK_1.5.0/cc3200-sdk/simplelink/" --include_path="C:/ti/CC3200SDK_1.5.0/cc3200-sdk/simplelink/source" --include_path="C:/ti/CC3200SDK_1.5.0/cc3200-sdk/simplelink/include" --include_path="C:/ti/CC3200SDK_1.5.0/cc3200-sdk/simplelink_extlib/provisioninglib" --define=ccs --define=cc3200 -g --gcc --printf_support=full --diag_warning=225 --diag_wrap=off --display_error_number --abi=eabi --preproc_with_compile --preproc_dependency="utils/network_utils.d_raw" --obj_directory="utils"  "../utils/network_utils.c"
Finished building: "../utils/network_utils.c"
 
Building target: "aws-rest-api-ssl-demo.out"
Invoking: Arm Linker
"C:/ti/ccs1250/ccs/tools/compiler/ti-cgt-arm_20.2.7.LTS/bin/armcl" -mv7M4 --code_state=16 --float_support=none -me -Ooff --define=ccs --define=cc3200 -g --gcc --printf_support=full --diag_warning=225 --diag_wrap=off --display_error_number --abi=eabi -z -m"aws-rest-api-ssl-demo.map" --heap_size=0x00008000 --stack_size=0x00001000 -i"C:/ti/ccs1250/ccs/tools/compiler/ti-cgt-arm_20.2.7.LTS/lib" -i"C:/ti/ccs1250/ccs/tools/compiler/ti-cgt-arm_20.2.7.LTS/include" --reread_libs --diag_wrap=off --display_error_number --warn_sections --xml_link_info="aws-rest-api-ssl-demo_linkInfo.xml" --rom_model -o "aws-rest-api-ssl-demo.out" "./gpio_if.obj" "./main.obj" "./network_common.obj" "./pinmux.obj" "./startup_ccs.obj" "./uart_if.obj" "./utils/network_utils.obj" "../cc3200v1p32.cmd"  -llibc.a -l"C:/ti/CC3200SDK_1.5.0/cc3200-sdk/driverlib/ccs/Release/driverlib.a" -l"C:/ti/CC3200SDK_1.5.0/cc3200-sdk/simplelink/ccs/NON_OS/simplelink.a" 
<Linking>
Finished building target: "aws-rest-api-ssl-demo.out"
 
Bin Generation
"C:/ti/ccs1250/ccs/utils/tiobj2bin/tiobj2bin" "aws-rest-api-ssl-demo.out" "aws-rest-api-ssl-demo.bin" "C:/ti/ccs1250/ccs/tools/compiler/ti-cgt-arm_20.2.7.LTS/bin/armofd" "C:/ti/ccs1250/ccs/tools/compiler/ti-cgt-arm_20.2.7.LTS/bin/armhex" "C:/ti/ccs1250/ccs/utils/tiobj2bin/mkhex4bin"
 

**** Build Finished ****

**** Build of configuration Release for project aws-rest-api-ssl-demo ****

"C:\\ti\\ccs1250\\ccs\\utils\\bin\\gmake" -k all 
 
gmake: Nothing to be done for 'all'.

**** Build Finished ****

**** Build of configuration Release for project aws-rest-api-ssl-demo ****

"C:\\ti\\ccs1250\\ccs\\utils\\bin\\gmake" -k all 
 
Building file: "../utils/network_utils.c"
Invoking: Arm Compiler
"C:/ti/ccs1250/ccs/tools/compiler/ti-cgt-arm_20.2.7.LTS/bin/armcl" -mv7M4 --code_state=16 --float_support=none -me -Ooff --include_path="C:/ti/ccs1250/ccs/tools/compiler/ti-cgt-arm_20.2.7.LTS/include" --include_path="C:/ti/CC3200SDK_1.5.0/cc3200-sdk/driverlib" --include_path="C:/ti/CC3200SDK_1.5.0/cc3200-sdk/inc" --include_path="C:/ti/CC3200SDK_1.5.0/cc3200-sdk/example/common" --include_path="C:/ti/CC3200SDK_1.5.0/cc3200-sdk/simplelink/" --include_path="C:/ti/CC3200SDK_1.5.0/cc3200-sdk/simplelink/source" --include_path="C:/ti/CC3200SDK_1.5.0/cc3200-sdk/simplelink/include" --include_path="C:/ti/CC3200SDK_1.5.0/cc3200-sdk/simplelink_extlib/provisioninglib" --define=ccs --define=cc3200 -g --gcc --printf_support=full --diag_warning=225 --diag_wrap=off --display_error_number --abi=eabi --preproc_with_compile --preproc_dependency="utils/network_utils.d_raw" --obj_directory="utils"  "../utils/network_utils.c"
Finished building: "../utils/network_utils.c"
 
Building target: "aws-rest-api-ssl-demo.out"
Invoking: Arm Linker
"C:/ti/ccs1250/ccs/tools/compiler/ti-cgt-arm_20.2.7.LTS/bin/armcl" -mv7M4 --code_state=16 --float_support=none -me -Ooff --define=ccs --define=cc3200 -g --gcc --printf_support=full --diag_warning=225 --diag_wrap=off --display_error_number --abi=eabi -z -m"aws-rest-api-ssl-demo.map" --heap_size=0x00008000 --stack_size=0x00001000 -i"C:/ti/ccs1250/ccs/tools/compiler/ti-cgt-arm_20.2.7.LTS/lib" -i"C:/ti/ccs1250/ccs/tools/compiler/ti-cgt-arm_20.2.7.LTS/include" --reread_libs --diag_wrap=off --display_error_number --warn_sections --xml_link_info="aws-rest-api-ssl-demo_linkInfo.xml" --rom_model -o "aws-rest-api-ssl-demo.out" "./gpio_if.obj" "./main.obj" "./network_common.obj" "./pinmux.obj" "./startup_ccs.obj" "./uart_if.obj" "./utils/network_utils.obj" "../cc3200v1p32.cmd"  -llibc.a -l"C:/ti/CC3200SDK_1.5.0/cc3200-sdk/driverlib/ccs/Release/driverlib.a" -l"C:/ti/CC3200SDK_1.5.0/cc3200-sdk/simplelink/ccs/NON_OS/simplelink.a" 
<Linking>
Finished building target: "aws-rest-api-ssl-demo.out"
 
Bin Generation
"C:/ti/ccs1250/ccs/utils/tiobj2bin/tiobj2bin" "aws-rest-api-ssl-demo.out" "aws-rest-api-ssl-demo.bin" "C:/ti/ccs1250/ccs/tools/compiler/ti-cgt-arm_20.2.7.LTS/bin/armofd" "C:/ti/ccs1250/ccs/tools/compiler/ti-cgt-arm_20.2.7.LTS/bin/armhex" "C:/ti/ccs1250/ccs/utils/tiobj2bin/mkhex4bin"
 

**** Build Finished ****

**** Build of configuration Release for project aws-rest-api-ssl-demo ****

"C:\\ti\\ccs1250\\ccs\\utils\\bin\\gmake" -k all 
 
gmake: Nothing to be done for 'all'.

**** Build Finished ****

**** Build of configuration Release for project aws-rest-api-ssl-demo ****

"C:\\ti\\ccs1250\\ccs\\utils\\bin\\gmake" -k all 
 
Building file: "../utils/network_utils.c"
Invoking: Arm Compiler
"C:/ti/ccs1250/ccs/tools/compiler/ti-cgt-arm_20.2.7.LTS/bin/armcl" -mv7M4 --code_state=16 --float_support=none -me -Ooff --include_path="C:/ti/ccs1250/ccs/tools/compiler/ti-cgt-arm_20.2.7.LTS/include" --include_path="C:/ti/CC3200SDK_1.5.0/cc3200-sdk/driverlib" --include_path="C:/ti/CC3200SDK_1.5.0/cc3200-sdk/inc" --include_path="C:/ti/CC3200SDK_1.5.0/cc3200-sdk/example/common" --include_path="C:/ti/CC3200SDK_1.5.0/cc3200-sdk/simplelink/" --include_path="C:/ti/CC3200SDK_1.5.0/cc3200-sdk/simplelink/source" --include_path="C:/ti/CC3200SDK_1.5.0/cc3200-sdk/simplelink/include" --include_path="C:/ti/CC3200SDK_1.5.0/cc3200-sdk/simplelink_extlib/provisioninglib" --define=ccs --define=cc3200 -g --gcc --printf_support=full --diag_warning=225 --diag_wrap=off --display_error_number --abi=eabi --preproc_with_compile --preproc_dependency="utils/network_utils.d_raw" --obj_directory="utils"  "../utils/network_utils.c"
Finished building: "../utils/network_utils.c"
 
Building target: "aws-rest-api-ssl-demo.out"
Invoking: Arm Linker
"C:/ti/ccs1250/ccs/tools/compiler/ti-cgt-arm_20.2.7.LTS/bin/armcl" -mv7M4 --code_state=16 --float_support=none -me -Ooff --define=ccs --define=cc3200 -g --gcc --printf_support=full --diag_warning=225 --diag_wrap=off --display_error_number --abi=eabi -z -m"aws-rest-api-ssl-demo.map" --heap_size=0x00008000 --stack_size=0x00001000 -i"C:/ti/ccs1250/ccs/tools/compiler/ti-cgt-arm_20.2.7.LTS/lib" -i"C:/ti/ccs1250/ccs/tools/compiler/ti-cgt-arm_20.2.7.LTS/include" --reread_libs --diag_wrap=off --display_error_number --warn_sections --xml_link_info="aws-rest-api-ssl-demo_linkInfo.xml" --rom_model -o "aws-rest-api-ssl-demo.out" "./gpio_if.obj" "./main.obj" "./network_common.obj" "./pinmux.obj" "./startup_ccs.obj" "./uart_if.obj" "./utils/network_utils.obj" "../cc3200v1p32.cmd"  -llibc.a -l"C:/ti/CC3200SDK_1.5.0/cc3200-sdk/driverlib/ccs/Release/driverlib.a" -l"C:/ti/CC3200SDK_1.5.0/cc3200-sdk/simplelink/ccs/NON_OS/simplelink.a" 
<Linking>
Finished building target: "aws-rest-api-ssl-demo.out"
 
Bin Generation
"C:/ti/ccs1250/ccs/utils/tiobj2bin/tiobj2bin" "aws-rest-api-ssl-demo.out" "aws-rest-api-ssl-demo.bin" "C:/ti/ccs1250/ccs/tools/compiler/ti-cgt-arm_20.2.7.LTS/bin/armofd" "C:/ti/ccs1250/ccs/tools/compiler/ti-cgt-arm_20.2.7.LTS/bin/armhex" "C:/ti/ccs1250/ccs/utils/tiobj2bin/mkhex4bin"
 

**** Build Finished ****

**** Build of configuration Release for project aws-rest-api-ssl-demo ****

"C:\\ti\\ccs1250\\ccs\\utils\\bin\\gmake" -k all 
 
gmake: Nothing to be done for 'all'.

**** Build Finished ****

**** Build of configuration Release for project aws-rest-api-ssl-demo ****

"C:\\ti\\ccs1250\\ccs\\utils\\bin\\gmake" -k all 
 
Building file: "../utils/network_utils.c"
Invoking: Arm Compiler
"C:/ti/ccs1250/ccs/tools/compiler/ti-cgt-arm_20.2.7.LTS/bin/armcl" -mv7M4 --code_state=16 --float_support=none -me -Ooff --include_path="C:/ti/ccs1250/ccs/tools/compiler/ti-cgt-arm_20.2.7.LTS/include" --include_path="C:/ti/CC3200SDK_1.5.0/cc3200-sdk/driverlib" --include_path="C:/ti/CC3200SDK_1.5.0/cc3200-sdk/inc" --include_path="C:/ti/CC3200SDK_1.5.0/cc3200-sdk/example/common" --include_path="C:/ti/CC3200SDK_1.5.0/cc3200-sdk/simplelink/" --include_path="C:/ti/CC3200SDK_1.5.0/cc3200-sdk/simplelink/source" --include_path="C:/ti/CC3200SDK_1.5.0/cc3200-sdk/simplelink/include" --include_path="C:/ti/CC3200SDK_1.5.0/cc3200-sdk/simplelink_extlib/provisioninglib" --define=ccs --define=cc3200 -g --gcc --printf_support=full --diag_warning=225 --diag_wrap=off --display_error_number --abi=eabi --preproc_with_compile --preproc_dependency="utils/network_utils.d_raw" --obj_directory="utils"  "../utils/network_utils.c"
 
>> Compilation failure
utils/subdir_rules.mk:9: recipe for target 'utils/network_utils.obj' failed
"../utils/network_utils.c", line 482: error #29: expected an expression
"../utils/network_utils.c", line 482: error #20: identifier "tries" is undefined
"../utils/network_utils.c", line 488: warning #169-D: argument of type "unsigned short *" is incompatible with parameter of type "unsigned char *"
"../utils/network_utils.c", line 488: warning #169-D: argument of type "unsigned short *" is incompatible with parameter of type "unsigned char *"
2 errors detected in the compilation of "../utils/network_utils.c".
gmake: *** [utils/network_utils.obj] Error 1
gmake: Target 'all' not remade because of errors.

**** Build Finished ****

**** Build of configuration Release for project aws-rest-api-ssl-demo ****

"C:\\ti\\ccs1250\\ccs\\utils\\bin\\gmake" -k all 
 
Building file: "../utils/network_utils.c"
Invoking: Arm Compiler
"C:/ti/ccs1250/ccs/tools/compiler/ti-cgt-arm_20.2.7.LTS/bin/armcl" -mv7M4 --code_state=16 --float_support=none -me -Ooff --include_path="C:/ti/ccs1250/ccs/tools/compiler/ti-cgt-arm_20.2.7.LTS/include" --include_path="C:/ti/CC3200SDK_1.5.0/cc3200-sdk/driverlib" --include_path="C:/ti/CC3200SDK_1.5.0/cc3200-sdk/inc" --include_path="C:/ti/CC3200SDK_1.5.0/cc3200-sdk/example/common" --include_path="C:/ti/CC3200SDK_1.5.0/cc3200-sdk/simplelink/" --include_path="C:/ti/CC3200SDK_1.5.0/cc3200-sdk/simplelink/source" --include_path="C:/ti/CC3200SDK_1.5.0/cc3200-sdk/simplelink/include" --include_path="C:/ti/CC3200SDK_1.5.0/cc3200-sdk/simplelink_extlib/provisioninglib" --define=ccs --define=cc3200 -g --gcc --printf_support=full --diag_warning=225 --diag_wrap=off --display_error_number --abi=eabi --preproc_with_compile --preproc_dependency="utils/network_utils.d_raw" --obj_directory="utils"  "../utils/network_utils.c"
 
>> Compilation failure
utils/subdir_rules.mk:9: recipe for target 'utils/network_utils.obj' failed
"../utils/network_utils.c", line 482: error #29: expected an expression
"../utils/network_utils.c", line 482: error #20: identifier "tries" is undefined
"../utils/network_utils.c", line 488: warning #169-D: argument of type "unsigned short *" is incompatible with parameter of type "unsigned char *"
"../utils/network_utils.c", line 488: warning #169-D: argument of type "unsigned short *" is incompatible with parameter of type "unsigned char *"
2 errors detected in the compilation of "../utils/network_utils.c".
gmake: *** [utils/network_utils.obj] Error 1
gmake: Target 'all' not remade because of errors.

**** Build Finished ****

**** Build of configuration Release for project aws-rest-api-ssl-demo ****

"C:\\ti\\ccs1250\\ccs\\utils\\bin\\gmake" -k all 
 
Building file: "../utils/network_utils.c"
Invoking: Arm Compiler
"C:/ti/ccs1250/ccs/tools/compiler/ti-cgt-arm_20.2.7.LTS/bin/armcl" -mv7M4 --code_state=16 --float_support=none -me -Ooff --include_path="C:/ti/ccs1250/ccs/tools/compiler/ti-cgt-arm_20.2.7.LTS/include" --include_path="C:/ti/CC3200SDK_1.5.0/cc3200-sdk/driverlib" --include_path="C:/ti/CC3200SDK_1.5.0/cc3200-sdk/inc" --include_path="C:/ti/CC3200SDK_1.5.0/cc3200-sdk/example/common" --include_path="C:/ti/CC3200SDK_1.5.0/cc3200-sdk/simplelink/" --include_path="C:/ti/CC3200SDK_1.5.0/cc3200-sdk/simplelink/source" --include_path="C:/ti/CC3200SDK_1.5.0/cc3200-sdk/simplelink/include" --include_path="C:/ti/CC3200SDK_1.5.0/cc3200-sdk/simplelink_extlib/provisioninglib" --define=ccs --define=cc3200 -g --gcc --printf_support=full --diag_warning=225 --diag_wrap=off --display_error_number --abi=eabi --preproc_with_compile --preproc_dependency="utils/network_utils.d_raw" --obj_directory="utils"  "../utils/network_utils.c"
 
>> Compilation failure
utils/subdir_rules.mk:9: recipe for target 'utils/network_utils.obj' failed
"../utils/network_utils.c", line 482: error #29: expected an expression
"../utils/network_utils.c", line 482: error #20: identifier "tries" is undefined
"../utils/network_utils.c", line 488: warning #169-D: argument of type "unsigned short *" is incompatible with parameter of type "unsigned char *"
"../utils/network_utils.c", line 488: warning #169-D: argument of type "unsigned short *" is incompatible with parameter of type "unsigned char *"
2 errors detected in the compilation of "../utils/network_utils.c".
gmake: *** [utils/network_utils.obj] Error 1
gmake: Target 'all' not remade because of errors.

**** Build Finished ****

**** Build of configuration Release for project aws-rest-api-ssl-demo ****

"C:\\ti\\ccs1250\\ccs\\utils\\bin\\gmake" -k all 
 
Building file: "../utils/network_utils.c"
Invoking: Arm Compiler
"C:/ti/ccs1250/ccs/tools/compiler/ti-cgt-arm_20.2.7.LTS/bin/armcl" -mv7M4 --code_state=16 --float_support=none -me -Ooff --include_path="C:/ti/ccs1250/ccs/tools/compiler/ti-cgt-arm_20.2.7.LTS/include" --include_path="C:/ti/CC3200SDK_1.5.0/cc3200-sdk/driverlib" --include_path="C:/ti/CC3200SDK_1.5.0/cc3200-sdk/inc" --include_path="C:/ti/CC3200SDK_1.5.0/cc3200-sdk/example/common" --include_path="C:/ti/CC3200SDK_1.5.0/cc3200-sdk/simplelink/" --include_path="C:/ti/CC3200SDK_1.5.0/cc3200-sdk/simplelink/source" --include_path="C:/ti/CC3200SDK_1.5.0/cc3200-sdk/simplelink/include" --include_path="C:/ti/CC3200SDK_1.5.0/cc3200-sdk/simplelink_extlib/provisioninglib" --define=ccs --define=cc3200 -g --gcc --printf_support=full --diag_warning=225 --diag_wrap=off --display_error_number --abi=eabi --preproc_with_compile --preproc_dependency="utils/network_utils.d_raw" --obj_directory="utils"  "../utils/network_utils.c"
"../utils/network_utils.c", line 491: warning #169-D: argument of type "unsigned short *" is incompatible with parameter of type "unsigned char *"
Finished building: "../utils/network_utils.c"
 
Building target: "aws-rest-api-ssl-demo.out"
Invoking: Arm Linker
"C:/ti/ccs1250/ccs/tools/compiler/ti-cgt-arm_20.2.7.LTS/bin/armcl" -mv7M4 --code_state=16 --float_support=none -me -Ooff --define=ccs --define=cc3200 -g --gcc --printf_support=full --diag_warning=225 --diag_wrap=off --display_error_number --abi=eabi -z -m"aws-rest-api-ssl-demo.map" --heap_size=0x00008000 --stack_size=0x00001000 -i"C:/ti/ccs1250/ccs/tools/compiler/ti-cgt-arm_20.2.7.LTS/lib" -i"C:/ti/ccs1250/ccs/tools/compiler/ti-cgt-arm_20.2.7.LTS/include" --reread_libs --diag_wrap=off --display_error_number --warn_sections --xml_link_info="aws-rest-api-ssl-demo_linkInfo.xml" --rom_model -o "aws-rest-api-ssl-demo.out" "./gpio_if.obj" "./main.obj" "./network_common.obj" "./pinmux.obj" "./startup_ccs.obj" "./uart_if.obj" "./utils/network_utils.obj" "../cc3200v1p32.cmd"  -llibc.a -l"C:/ti/CC3200SDK_1.5.0/cc3200-sdk/driverlib/ccs/Release/driverlib.a" -l"C:/ti/CC3200SDK_1.5.0/cc3200-sdk/simplelink/ccs/NON_OS/simplelink.a" 
<Linking>
Finished building target: "aws-rest-api-ssl-demo.out"
 
Bin Generation
"C:/ti/ccs1250/ccs/utils/tiobj2bin/tiobj2bin" "aws-rest-api-ssl-demo.out" "aws-rest-api-ssl-demo.bin" "C:/ti/ccs1250/ccs/tools/compiler/ti-cgt-arm_20.2.7.LTS/bin/armofd" "C:/ti/ccs1250/ccs/tools/compiler/ti-cgt-arm_20.2.7.LTS/bin/armhex" "C:/ti/ccs1250/ccs/utils/tiobj2bin/mkhex4bin"
 

**** Build Finished ****

**** Build of configuration Release for project aws-rest-api-ssl-demo ****

"C:\\ti\\ccs1250\\ccs\\utils\\bin\\gmake" -k all 
 
gmake: Nothing to be done for 'all'.

**** Build Finished ****

**** Build of configuration Release for project aws-rest-api-ssl-demo ****

"C:\\ti\\ccs1250\\ccs\\utils\\bin\\gmake" -k all 
 
gmake: Nothing to be done for 'all'.

**** Build Finished ****

**** Build of configuration Release for project aws-rest-api-ssl-demo ****

"C:\\ti\\ccs1250\\ccs\\utils\\bin\\gmake" -k all 
 
gmake: Nothing to be done for 'all'.

**** Build Finished ****

**** Build of configuration Release for project aws-rest-api-ssl-demo ****

"C:\\ti\\ccs1250\\ccs\\utils\\bin\\gmake" -k all 
 
gmake: Nothing to be done for 'all'.

**** Build Finished ****

**** Build of configuration Release for project aws-rest-api-ssl-demo ****

"C:\\ti\\ccs1250\\ccs\\utils\\bin\\gmake" -k all 
 
gmake: Nothing to be done for 'all'.

**** Build Finished ****

**** Build of configuration Release for project aws-rest-api-ssl-demo ****

"C:\\ti\\ccs1250\\ccs\\utils\\bin\\gmake" -k all 
 
gmake: Nothing to be done for 'all'.

**** Build Finished ****

**** Build of configuration Release for project aws-rest-api-ssl-demo ****

"C:\\ti\\ccs1250\\ccs\\utils\\bin\\gmake" -k all 
 
Building file: "../main.c"
Invoking: Arm Compiler
"C:/ti/ccs1250/ccs/tools/compiler/ti-cgt-arm_20.2.7.LTS/bin/armcl" -mv7M4 --code_state=16 --float_support=none -me -Ooff --include_path="C:/ti/ccs1250/ccs/tools/compiler/ti-cgt-arm_20.2.7.LTS/include" --include_path="C:/ti/CC3200SDK_1.5.0/cc3200-sdk/driverlib" --include_path="C:/ti/CC3200SDK_1.5.0/cc3200-sdk/inc" --include_path="C:/ti/CC3200SDK_1.5.0/cc3200-sdk/example/common" --include_path="C:/ti/CC3200SDK_1.5.0/cc3200-sdk/simplelink/" --include_path="C:/ti/CC3200SDK_1.5.0/cc3200-sdk/simplelink/source" --include_path="C:/ti/CC3200SDK_1.5.0/cc3200-sdk/simplelink/include" --include_path="C:/ti/CC3200SDK_1.5.0/cc3200-sdk/simplelink_extlib/provisioninglib" --define=ccs --define=cc3200 -g --gcc --printf_support=full --diag_warning=225 --diag_wrap=off --display_error_number --abi=eabi --preproc_with_compile --preproc_dependency="main.d_raw"  "../main.c"
Finished building: "../main.c"
 
Building file: "../utils/network_utils.c"
Invoking: Arm Compiler
"C:/ti/ccs1250/ccs/tools/compiler/ti-cgt-arm_20.2.7.LTS/bin/armcl" -mv7M4 --code_state=16 --float_support=none -me -Ooff --include_path="C:/ti/ccs1250/ccs/tools/compiler/ti-cgt-arm_20.2.7.LTS/include" --include_path="C:/ti/CC3200SDK_1.5.0/cc3200-sdk/driverlib" --include_path="C:/ti/CC3200SDK_1.5.0/cc3200-sdk/inc" --include_path="C:/ti/CC3200SDK_1.5.0/cc3200-sdk/example/common" --include_path="C:/ti/CC3200SDK_1.5.0/cc3200-sdk/simplelink/" --include_path="C:/ti/CC3200SDK_1.5.0/cc3200-sdk/simplelink/source" --include_path="C:/ti/CC3200SDK_1.5.0/cc3200-sdk/simplelink/include" --include_path="C:/ti/CC3200SDK_1.5.0/cc3200-sdk/simplelink_extlib/provisioninglib" --define=ccs --define=cc3200 -g --gcc --printf_support=full --diag_warning=225 --diag_wrap=off --display_error_number --abi=eabi --preproc_with_compile --preproc_dependency="utils/network_utils.d_raw" --obj_directory="utils"  "../utils/network_utils.c"
"../utils/network_utils.c", line 491: warning #169-D: argument of type "unsigned short *" is incompatible with parameter of type "unsigned char *"
Finished building: "../utils/network_utils.c"
 
Building target: "aws-rest-api-ssl-demo.out"
Invoking: Arm Linker
"C:/ti/ccs1250/ccs/tools/compiler/ti-cgt-arm_20.2.7.LTS/bin/armcl" -mv7M4 --code_state=16 --float_support=none -me -Ooff --define=ccs --define=cc3200 -g --gcc --printf_support=full --diag_warning=225 --diag_wrap=off --display_error_number --abi=eabi -z -m"aws-rest-api-ssl-demo.map" --heap_size=0x00008000 --stack_size=0x00001000 -i"C:/ti/ccs1250/ccs/tools/compiler/ti-cgt-arm_20.2.7.LTS/lib" -i"C:/ti/ccs1250/ccs/tools/compiler/ti-cgt-arm_20.2.7.LTS/include" --reread_libs --diag_wrap=off --display_error_number --warn_sections --xml_link_info="aws-rest-api-ssl-demo_linkInfo.xml" --rom_model -o "aws-rest-api-ssl-demo.out" "./gpio_if.obj" "./main.obj" "./network_common.obj" "./pinmux.obj" "./startup_ccs.obj" "./uart_if.obj" "./utils/network_utils.obj" "../cc3200v1p32.cmd"  -llibc.a -l"C:/ti/CC3200SDK_1.5.0/cc3200-sdk/driverlib/ccs/Release/driverlib.a" -l"C:/ti/CC3200SDK_1.5.0/cc3200-sdk/simplelink/ccs/NON_OS/simplelink.a" 
<Linking>
Finished building target: "aws-rest-api-ssl-demo.out"
 
Bin Generation
"C:/ti/ccs1250/ccs/utils/tiobj2bin/tiobj2bin" "aws-rest-api-ssl-demo.out" "aws-rest-api-ssl-demo.bin" "C:/ti/ccs1250/ccs/tools/compiler/ti-cgt-arm_20.2.7.LTS/bin/armofd" "C:/ti/ccs1250/ccs/tools/compiler/ti-cgt-arm_20.2.7.LTS/bin/armhex" "C:/ti/ccs1250/ccs/utils/tiobj2bin/mkhex4bin"
 

**** Build Finished ****

**** Build of configuration Release for project aws-rest-api-ssl-demo ****

"C:\\ti\\ccs1250\\ccs\\utils\\bin\\gmake" -k all 
 
Building file: "../main.c"
Invoking: Arm Compiler
"C:/ti/ccs1250/ccs/tools/compiler/ti-cgt-arm_20.2.7.LTS/bin/armcl" -mv7M4 --code_state=16 --float_support=none -me -Ooff --include_path="C:/ti/ccs1250/ccs/tools/compiler/ti-cgt-arm_20.2.7.LTS/include" --include_path="C:/ti/CC3200SDK_1.5.0/cc3200-sdk/driverlib" --include_path="C:/ti/CC3200SDK_1.5.0/cc3200-sdk/inc" --include_path="C:/ti/CC3200SDK_1.5.0/cc3200-sdk/example/common" --include_path="C:/ti/CC3200SDK_1.5.0/cc3200-sdk/simplelink/" --include_path="C:/ti/CC3200SDK_1.5.0/cc3200-sdk/simplelink/source" --include_path="C:/ti/CC3200SDK_1.5.0/cc3200-sdk/simplelink/include" --include_path="C:/ti/CC3200SDK_1.5.0/cc3200-sdk/simplelink_extlib/provisioninglib" --define=ccs --define=cc3200 -g --gcc --printf_support=full --diag_warning=225 --diag_wrap=off --display_error_number --abi=eabi --preproc_with_compile --preproc_dependency="main.d_raw"  "../main.c"
Finished building: "../main.c"
 
Building target: "aws-rest-api-ssl-demo.out"
Invoking: Arm Linker
"C:/ti/ccs1250/ccs/tools/compiler/ti-cgt-arm_20.2.7.LTS/bin/armcl" -mv7M4 --code_state=16 --float_support=none -me -Ooff --define=ccs --define=cc3200 -g --gcc --printf_support=full --diag_warning=225 --diag_wrap=off --display_error_number --abi=eabi -z -m"aws-rest-api-ssl-demo.map" --heap_size=0x00008000 --stack_size=0x00001000 -i"C:/ti/ccs1250/ccs/tools/compiler/ti-cgt-arm_20.2.7.LTS/lib" -i"C:/ti/ccs1250/ccs/tools/compiler/ti-cgt-arm_20.2.7.LTS/include" --reread_libs --diag_wrap=off --display_error_number --warn_sections --xml_link_info="aws-rest-api-ssl-demo_linkInfo.xml" --rom_model -o "aws-rest-api-ssl-demo.out" "./gpio_if.obj" "./main.obj" "./network_common.obj" "./pinmux.obj" "./startup_ccs.obj" "./uart_if.obj" "./utils/network_utils.obj" "../cc3200v1p32.cmd"  -llibc.a -l"C:/ti/CC3200SDK_1.5.0/cc3200-sdk/driverlib/ccs/Release/driverlib.a" -l"C:/ti/CC3200SDK_1.5.0/cc3200-sdk/simplelink/ccs/NON_OS/simplelink.a" 
<Linking>
Finished building target: "aws-rest-api-ssl-demo.out"
 
Bin Generation
"C:/ti/ccs1250/ccs/utils/tiobj2bin/tiobj2bin" "aws-rest-api-ssl-demo.out" "aws-rest-api-ssl-demo.bin" "C:/ti/ccs1250/ccs/tools/compiler/ti-cgt-arm_20.2.7.LTS/bin/armofd" "C:/ti/ccs1250/ccs/tools/compiler/ti-cgt-arm_20.2.7.LTS/bin/armhex" "C:/ti/ccs1250/ccs/utils/tiobj2bin/mkhex4bin"
 

**** Build Finished ****
